review_id,candidate_id,stratum,status,reason,tier
R01,C139,included,INCLUDED,,B
R02,C099,included,INCLUDED,,B
R03,C027,included,NEEDS_REVIEW,REVIEW_IDENTITY,
R04,C195,included,INCLUDED,,B
R05,C019,included,INCLUDED,,B
R06,C144,included,INCLUDED,,A
R07,C063,included,INCLUDED,,A
R08,C100,included,INCLUDED,,A
R09,C204,control_reject,REJECTED,E7,
R10,C006,control_reject,REJECTED,E3,
R11,C022,included,INCLUDED,,A
R12,C184,included,INCLUDED,,A
R13,C135,included,INCLUDED,,B
R14,C007,control_reject,REJECTED,E4,
R15,C199,control_reject,REJECTED,E7,
R16,C133,real_reject,REJECTED,E2,
R17,C200,control_reject,REJECTED,E7,
R18,C132,included,INCLUDED,,B
R19,C014,included,INCLUDED,,A
R20,C092,included,INCLUDED,,A
R21,C186,included,INCLUDED,,A
R22,C197,included,INCLUDED,,A
R23,C143,real_reject,REJECTED,E8,
R24,C032,included,INCLUDED,,B
R25,C146,included,INCLUDED,,B
R26,C076,real_reject,REJECTED,E7,
R27,C026,real_reject,OOS,OOS_HQ,
R28,C198,included,INCLUDED,,B
R29,C151,included,INCLUDED,,A
R30,C125,included,INCLUDED,,A
R31,C023,included,INCLUDED,,A
R32,C185,real_reject,REJECTED,E8,
R33,C034,included,INCLUDED,,A
R34,C145,included,INCLUDED,,A
