candidate_id,field,idx,value,value_text,source_url,quote,published_date,derivation,source_tier,event_date,event_date_precision,auto_check,deal_context,attributed,quote_score,checked_url,text_sha256,fetched_at,verdict
C012,funds,0,"{""name"": ""Credo Stage 5"", ""known_as"": ""Credo Stage 5"", ""size"": ""$88 million"", ""currency"": ""USD"", ""vintage"": ""2026"", ""status"": ""final_close"", ""status_date"": ""2026-03-23""}",$88 million,https://thenextweb.com/news/credo-ventures-88m-fund,"Credo Ventures has closed Credo Stage 5, an $88 million fund raised in a single closing",2026-03-23,stated,T3,2026-03-23,day,ok,,,100,https://thenextweb.com/news/credo-ventures-88m-fund,114b65d91901d05c5501298f5cc1cb474de61b84d270fc60683f334b9f276f40,2026-10-09T17:26:02+00:00,final_close
C012,funds,1,"{""name"": ""Credo fund IV (čtvrtý fond)"", ""known_as"": ""Credo fund IV (čtvrtý fond)"", ""size"": ""€75 million"", ""currency"": ""EUR"", ""vintage"": ""2022"", ""status"": ""final_close"", ""status_date"": ""2022-10-11""}",€75 million,https://en.ain.ua/2022/10/11/credo-ventures-closes-its-fourth-fund,has closed its €75 million fourth fund,2022-10-11,stated,T3,2022-10-11,day,ok,,,100,https://en.ain.ua/2022/10/11/credo-ventures-closes-its-fourth-fund/,f1e83f3f9c21574befbffd33b7d2cb7b02f8ed8c4ec94dd52c8f33b962f8a8b8,2026-10-09T17:26:02+00:00,final_close
C012,funds,2,"{""name"": ""Credo fund III (třetí fond)"", ""known_as"": ""Credo fund III (třetí fond)"", ""size"": ""bezmála 100 milionů eur"", ""currency"": ""EUR"", ""vintage"": ""2019"", ""status"": ""final_close"", ""status_date"": ""2019""}",bezmála 100 milionů eur,https://cc.cz/novy-fond-odchod-andreje-kisky-i-tri-dalsi-partneri-v-credo-ventures-se-deji-velke-veci/,S třetím z roku 2019 dosáhl na objem bezmála 100 milionů eur,2022-11-01,stated,T3,2022-11-01,day,ok,,,100,https://cc.cz/novy-fond-odchod-andreje-kisky-i-tri-dalsi-partneri-v-credo-ventures-se-deji-velke-veci/,51ae03425366f0116e37696abf5fbc06fd866efbfd03676d0aca4f0c715aa49a,2026-10-08T20:33:29+00:00,final_close
C012,funds,3,"{""name"": ""Credo fund II (druhý fond)"", ""known_as"": ""Credo fund II (druhý fond)"", ""size"": ""53 milionů eur"", ""currency"": ""EUR"", ""vintage"": ""2015"", ""status"": ""final_close"", ""status_date"": ""2015""}",53 milionů eur,https://cc.cz/novy-fond-odchod-andreje-kisky-i-tri-dalsi-partneri-v-credo-ventures-se-deji-velke-veci/,ve druhém z roku 2015 pak od investorů získal 53 milionů eur,2022-11-01,stated,T3,2022-11-01,day,ok,,,100,https://cc.cz/novy-fond-odchod-andreje-kisky-i-tri-dalsi-partneri-v-credo-ventures-se-deji-velke-veci/,51ae03425366f0116e37696abf5fbc06fd866efbfd03676d0aca4f0c715aa49a,2026-10-08T20:33:29+00:00,final_close
C012,funds,4,"{""name"": ""Credo fund I (první fond)"", ""known_as"": ""Credo fund I (první fond)"", ""size"": ""18 milionů eur"", ""currency"": ""EUR"", ""vintage"": ""2010"", ""status"": ""final_close"", ""status_date"": ""2010""}",18 milionů eur,https://cc.cz/novy-fond-odchod-andreje-kisky-i-tri-dalsi-partneri-v-credo-ventures-se-deji-velke-veci/,Svůj první fond ve výši 18 milionů eur otevíral v roce 2010,2022-11-01,stated,T3,2022-11-01,day,ok,,,100,https://cc.cz/novy-fond-odchod-andreje-kisky-i-tri-dalsi-partneri-v-credo-ventures-se-deji-velke-veci/,51ae03425366f0116e37696abf5fbc06fd866efbfd03676d0aca4f0c715aa49a,2026-10-08T20:33:29+00:00,final_close
C012,investments,0,"{""company"": ""SuperPlane"", ""date"": ""2026-06-24"", ""round"": ""pre-seed"", ""amount"": ""€2.28M"", ""verdict"": ""confirmed""}",SuperPlane,https://thesaasnews.com/news/superplane-raises-2-28m-pre-seed,SuperPlane raises €2.28M in pre-seed funding led by Credo Ventures to build an open-source control plane for AI agents,2026-06-24,stated,T3,2026-06-24,day,ok,deal,1,100,https://www.thesaasnews.com/news/superplane-raises-2-28m-pre-seed/,49f9819b3c435f3219592ef01e5e66f5d9e279486899ebf845cfabd3b94b75bb,2026-10-09T17:26:03+00:00,confirmed
C012,investments,1,"{""company"": ""Axoflow"", ""date"": ""2025-01-22"", ""round"": ""seed"", ""amount"": ""$7M"", ""verdict"": ""confirmed""}",Axoflow,https://startupkitchen.community/axoflow-raises-7m-seed-round-led-by-ebrd-vc-existing-investors-incl-czech-credo-ventures-participating-too/,"Axoflow Raises $7M Seed Round Led by EBRD VC, existing investors incl. Czech Credo Ventures participating too",2025-01-22,stated,T3,2025-01-22,day,ok,mention,1,100,https://startupkitchen.community/axoflow-raises-7m-seed-round-led-by-ebrd-vc-existing-investors-incl-czech-credo-ventures-participating-too/,1f2f42f10d7ba2d2d162a24b08fda41ed75d2986c4f4d7b1ae14a4dd29f6260e,2026-10-09T17:26:03+00:00,confirmed
C012,investments,2,"{""company"": ""Talkbase"", ""date"": ""2022-10-06"", ""round"": ""pre-seed"", ""amount"": ""přes dva miliony dolarů"", ""verdict"": ""confirmed""}",Talkbase,https://cc.cz/tak-velka-investice-tak-brzy-tu-jeste-nebyla-cesky-startup-talkbase-ziskal-rekordnich-50-milionu/,Do investičního kola Talkbase se zapojili jak české fondy J&T Ventures a Credo Ventures,2022-10-06,stated,T3,2022-10-06,day,ok,deal,1,100,https://cc.cz/tak-velka-investice-tak-brzy-tu-jeste-nebyla-cesky-startup-talkbase-ziskal-rekordnich-50-milionu/,b65c792a4daa686a0ac42d375362a58652e4069b780116eccf9efa30a72c15b7,2026-10-09T17:26:05+00:00,confirmed
C012,investments,3,"{""company"": ""Upheal"", ""date"": ""2024-11"", ""round"": ""Series A"", ""amount"": ""$10 million"", ""verdict"": ""corrected""}",Upheal raised $10 million in Series A,https://nordic9.com/news/upheal-raised-10-million-in-series-a-funding-round-led-by-headline-joined-by-credo-ventures-and-kaya-ventures/,"Upheal raised $10 million in Series A funding round led by Headline, joined by Credo Ventures and Kaya Ventures.",2024-11-01,stated,T3,2024-11-01,month,ok,deal,1,100,https://nordic9.com/news/upheal-raised-10-million-in-series-a-funding-round-led-by-headline-joined-by-credo-ventures-and-kaya-ventures/,cc16048e3df2a6323a465705a3cb2658ce14cd7affae391e019c2d95a9e89b5d,2026-10-09T17:26:06+00:00,corrected
C014,funds,0,"{""name"": ""third angel fund"", ""known_as"": ""third angel fund"", ""size"": ""€20 million"", ""currency"": ""EUR"", ""vintage"": ""2022"", ""status"": ""target"", ""status_date"": ""2022-10-10""}",€20 million,https://en.ain.ua/2022/10/10/depo-ventures-opens-20m-angel-fund,The new fund is aiming €20 million and is currently looking for investors,2022-10-10,stated,T3,2022-10-10,day,ok,,,100,https://en.ain.ua/2022/10/10/depo-ventures-opens-20m-angel-fund/,303ee3a05bc163f19b9ad90cd349b58acaee10c9015d54c52d9553738925e89b,2026-10-08T20:36:36+00:00,target
C014,funds,1,"{""name"": ""Depo Angels Fund II"", ""known_as"": null, ""size"": ""55 milionů korun"", ""currency"": ""CZK"", ""vintage"": ""2022"", ""status"": ""final_close"", ""status_date"": ""2022-08""}",55 milionů korun,https://cc.cz/vice-penez-pro-nejmladsi-startupy-depo-ventures-otevira-novy-andelsky-fond-cili-na-pul-miliardy/,uzavřelo jej na konci srpna s objemem 55 milionů korun,2022-10-07,stated,T3,2022-10-07,day,ok,,,100,https://cc.cz/vice-penez-pro-nejmladsi-startupy-depo-ventures-otevira-novy-andelsky-fond-cili-na-pul-miliardy/,d119f54d2115c15051e0325e4f4ab06ddf48d69989b42e3d2850a11c85ef7791,2026-10-09T17:26:06+00:00,final_close
C014,funds,2,"{""name"": ""Depo Angels Fund II"", ""known_as"": null, ""size"": ""45 milionů korun"", ""currency"": ""CZK"", ""vintage"": ""2022"", ""status"": ""target"", ""status_date"": ""2022-01-25""}",45 milionů korun,https://cc.cz/cesti-depo-ventures-oteviraji-druhy-fond-v-desitkach-milionu-prvni-investice-podpori-startup-ktery-ukazuje-data-z-kryptouctu/,druhý fond by se měl uzavřít na konci března s celkovým objemem 45 milionů korun,2022-01-25,stated,T3,2022-01-25,day,ok,,,100,https://cc.cz/cesti-depo-ventures-oteviraji-druhy-fond-v-desitkach-milionu-prvni-investice-podpori-startup-ktery-ukazuje-data-z-kryptouctu/,2cfd9349220ee79d79ef1d8feb3df4380fc89fd01b6639a58ee8792389bc54a4,2026-10-09T17:26:07+00:00,target
C014,funds,3,"{""name"": ""Grouport Ventures (first angel fund)"", ""known_as"": null, ""size"": ""35 milionů korun"", ""currency"": ""CZK"", ""vintage"": null, ""status"": ""final_close"", ""status_date"": null}",35 milionů korun,https://cc.cz/cesti-depo-ventures-oteviraji-druhy-fond-v-desitkach-milionu-prvni-investice-podpori-startup-ktery-ukazuje-data-z-kryptouctu/,sesbírali 35 milionů korun a ty postupně pod názvem Grouport Ventures investovali,2022-01-25,stated,T3,2022-01-25,day,ok,,,100,https://cc.cz/cesti-depo-ventures-oteviraji-druhy-fond-v-desitkach-milionu-prvni-investice-podpori-startup-ktery-ukazuje-data-z-kryptouctu/,2cfd9349220ee79d79ef1d8feb3df4380fc89fd01b6639a58ee8792389bc54a4,2026-10-09T17:26:07+00:00,final_close
C014,investments,0,"{""company"": ""ArcSpace"", ""date"": ""2026-09-01"", ""round"": null, ""amount"": ""over €2 million"", ""verdict"": ""confirmed""}",DEPO Ventures One,https://media.startupcentrum.com/en/investment-arcspace-raises-over-e2-million/,The round was led by DEPO Ventures through its DEPO Ventures One fund.,2026-09-01,stated,T3,2026-09-01,day,ok,deal,1,100,https://media.startupcentrum.com/en/investment-arcspace-raises-over-e2-million/,e1508421be6ba33e31307affac4500d25fb8b120cd20ea9f93ddb999f7d5c81c,2026-10-08T20:56:12+00:00,confirmed
C014,investments,1,"{""company"": ""Kardi AI"", ""date"": ""2025-04-28"", ""round"": ""follow-on"", ""amount"": ""€1.1M"", ""verdict"": ""confirmed""}",DEPO Ventures,https://tech.eu/2025/04/28/czech-medtech-kardi-ai-raises-1-1m-to-expand-heart-monitoring-tech/,"The investment round included contributions from existing backers BrightCap Ventures, DEPO Ventures, and Garage Angels",2025-04-28,stated,T3,2025-04-28,day,ok,deal,1,100,https://tech.eu/2025/04/28/czech-medtech-kardi-ai-raises-1-1m-to-expand-heart-monitoring-tech/,3e87365ec39736b52150b25166124d56897bd81e42ca248793dbddf63e85aa2d,2026-10-08T20:36:35+00:00,confirmed
C019,funds,0,"{""name"": ""i&i Biotech Fund I SCSp"", ""known_as"": ""i&i Biotech Fund I SCSp"", ""size"": ""€53 million"", ""currency"": ""EUR"", ""vintage"": ""2021"", ""status"": ""final_close"", ""status_date"": ""2025-11-17""}",€53 million,https://www.biospace.com/press-releases/captain-t-cell-closes-financing-round-to-advance-its-proprietary-next-generation-tcr-t-pipeline-into-the-clinic,the fund manages €53 million and invests in a diversified portfolio of early-stage companies across central Europe.,2025-11-17,stated,T3,2025-11-17,day,ok,,,100,https://www.biospace.com/press-releases/captain-t-cell-closes-financing-round-to-advance-its-proprietary-next-generation-tcr-t-pipeline-into-the-clinic,13bc294da0946af99b45134d7402c520a5887bef25deec1e0504fdf8f8556dfb,2026-10-09T17:26:07+00:00,final_close
C019,funds,1,"{""name"": ""i&i Biotech Fund I SCSp"", ""known_as"": ""i&i Biotech Fund I SCSp"", ""size"": ""more than 45 million EUR"", ""currency"": ""EUR"", ""vintage"": ""2021"", ""status"": ""first_close"", ""status_date"": ""2021""}",more than 45 million EUR,https://www.uochb.cz/en/ini-bio,The fund commenced operation with more than 45 million EUR and specializes in investments in academic spinoffs.,,stated,T3,,,ok,,,100,https://www.uochb.cz/en/ini-bio,99e4ec4fd2361762479eb8f0f136960ca1165c09bd278859f9f0e3c242609d72,2026-10-09T17:26:07+00:00,first_close
C019,investments,0,"{""company"": ""Captain T Cell"", ""date"": ""2025-11-17"", ""round"": ""financing round (follow-on)"", ""amount"": null, ""verdict"": ""corrected""}",i&i Biotech Fund I SCSp,https://www.biospace.com/press-releases/captain-t-cell-closes-financing-round-to-advance-its-proprietary-next-generation-tcr-t-pipeline-into-the-clinic,"Existing investors i&i Biotech Fund I SCSp, HIL-INVENT and Brandenburg Kapital also participated in the round",2025-11-17,stated,T3,2025-11-17,day,ok,mention,1,100,https://www.biospace.com/press-releases/captain-t-cell-closes-financing-round-to-advance-its-proprietary-next-generation-tcr-t-pipeline-into-the-clinic,13bc294da0946af99b45134d7402c520a5887bef25deec1e0504fdf8f8556dfb,2026-10-09T17:26:07+00:00,corrected
C022,funds,0,"{""name"": ""Inven Capital, SICAV"", ""known_as"": null, ""size"": ""more than €500 million"", ""currency"": ""EUR"", ""vintage"": null, ""status"": ""final_close"", ""status_date"": ""2023-02-08""}",more than €500 million,https://www.eib.org/en/press/all/2023-047-expanding-strategic-partnership-eib-supports-investments-in-climate-friendly-startups-providing-a-further-eur50-million-to-the-czech-fund-inven-capital,With a total fund size of more than €500 million,2023-02-08,stated,T3,2023-02-08,day,ok,,,100,https://www.eib.org/en/press/all/2023-047-expanding-strategic-partnership-eib-supports-investments-in-climate-friendly-startups-providing-a-further-eur50-million-to-the-czech-fund-inven-capital,7321a1298af39b20fe1e9e4838d15ffe1f77f20573fd044d05a58055f24245a5,2026-10-09T17:26:08+00:00,final_close
C022,investments,0,"{""company"": ""Andercore"", ""date"": ""2026-02-11"", ""round"": ""Series B"", ""amount"": ""EUR 40M"", ""verdict"": ""confirmed""}",Andercore closes a EUR 40M Series B round,https://www.andercore.com/company-profile,"Andercore closes a EUR 40M Series B round with participation from Atomico, Project A, and Inven Capital",2026-02-01,stated,T3,2026-02-11,day,ok,deal,1,100,https://www.andercore.com/company-profile,05f61ef9c00ff77522badd0482e7450009da0df7786339402b3f58e3ebe84a13,2026-10-09T17:26:08+00:00,confirmed
C022,investments,1,"{""company"": ""Vytal"", ""date"": ""2025-03-11"", ""round"": ""growth round"", ""amount"": ""€14.2M"", ""verdict"": ""confirmed""}",Inven Capital leads €14.2M funding round for Vytal,https://en.ain.ua/2025/03/11/inven-capital-leads-eur142m-vytala/,Inven Capital leads €14.2M funding round for Vytal,2025-03-11,stated,T3,2025-03-11,day,ok,deal,1,100,https://en.ain.ua/2025/03/11/inven-capital-leads-eur142m-vytala/,8d5f7cf84527417a5c1db035d9170d19f7de5b506ae1db5b5c36b751dcf56f0b,2026-10-09T17:26:09+00:00,confirmed
C023,funds,0,"{""name"": ""Jet Venture 1"", ""known_as"": ""Jet Venture 1"", ""size"": ""padesát milionů eur"", ""currency"": ""EUR"", ""vintage"": null, ""status"": ""target"", ""status_date"": ""2025-12-18""}",padesát milionů eur,https://cc.cz/teoreticka-hodnota-nestaci-fondy-musi-investorum-vydelavat-rika-sef-fondu-jet-venture-1/,"Fond Jet Venture 1 cílí na velikost padesát milionů eur (zhruba 1,2 miliardy korun) a už po prvním kole fundraisingu má k dispozici přes třicet milionů eur",2025-12-18,stated,T3,2025-12-18,day,ok,,,100,https://cc.cz/teoreticka-hodnota-nestaci-fondy-musi-investorum-vydelavat-rika-sef-fondu-jet-venture-1/,e0c0cc519d2e629dbbe55a9babc416f0a5c7eb45b8bb4b3f8b9d530bf09b6433,2026-10-08T20:33:38+00:00,target
C023,funds,1,"{""name"": ""Jet Venture 1"", ""known_as"": ""Jet Venture 1"", ""size"": ""přes třicet milionů eur"", ""currency"": ""EUR"", ""vintage"": null, ""status"": ""first_close"", ""status_date"": ""2025-12-18""}",přes třicet milionů eur,https://cc.cz/teoreticka-hodnota-nestaci-fondy-musi-investorum-vydelavat-rika-sef-fondu-jet-venture-1/,"Fond Jet Venture 1 cílí na velikost padesát milionů eur (zhruba 1,2 miliardy korun) a už po prvním kole fundraisingu má k dispozici přes třicet milionů eur",2025-12-18,stated,T3,2025-12-18,day,ok,,,100,https://cc.cz/teoreticka-hodnota-nestaci-fondy-musi-investorum-vydelavat-rika-sef-fondu-jet-venture-1/,e0c0cc519d2e629dbbe55a9babc416f0a5c7eb45b8bb4b3f8b9d530bf09b6433,2026-10-08T20:33:38+00:00,first_close
C023,funds,2,"{""name"": ""Jet Venture 1"", ""known_as"": ""Jet Venture 1"", ""size"": ""50 milionů eur"", ""currency"": ""EUR"", ""vintage"": ""2024"", ""status"": ""target"", ""status_date"": ""2024-09-28""}",50 milionů eur,https://cc.cz/brnensti-prumyslnici-kolem-igora-faita-na-lovu-startupu-desitky-milionu-posilaji-do-digitalni-tovarny/,"Idea fondu Jet Ventures, který hodlá postupně od investorů nabrat 50 milionů eur",2024-09-28,stated,T3,2024-09-28,day,ok,,,100,https://cc.cz/brnensti-prumyslnici-kolem-igora-faita-na-lovu-startupu-desitky-milionu-posilaji-do-digitalni-tovarny/,95f55123e71bcd56ed523402b839802bf89cc5cf037f61a57fa921c802ec9374,2026-10-08T20:33:38+00:00,target
C023,investments,0,"{""company"": ""AppNava"", ""date"": ""2026-09-17"", ""round"": null, ""amount"": ""$1.8 Million"", ""verdict"": ""confirmed""}",AppNava,https://www.jetinvestment.cz/en/news,"Jet Investment Invests $1.8 Million in U.S. Startup AppNava, Which Focuses on Predictive Analytics",2026-09-17,stated,T2,2026-09-17,day,ok,deal,1,100,https://www.jetinvestment.cz/en/news,aca89f0ac8fa2610ec51359d3fb33ef60120c892c1dd0fcb32a04da3e6cbda5c,2026-10-08T20:33:43+00:00,confirmed
C023,investments,1,"{""company"": ""Phantasma Labs"", ""date"": ""2026-09-01"", ""round"": null, ""amount"": ""€2.1 Million"", ""verdict"": ""confirmed""}",Phantasma Labs,https://www.jetinvestment.cz/en/news,Jet Investment Announces €2.1 Million Investment in Berlin AI Startup Phantasma Labs,2026-09-01,stated,T2,2026-09-01,day,ok,deal,1,100,https://www.jetinvestment.cz/en/news,aca89f0ac8fa2610ec51359d3fb33ef60120c892c1dd0fcb32a04da3e6cbda5c,2026-10-08T20:33:43+00:00,confirmed
C023,investments,2,"{""company"": ""GigaScan"", ""date"": ""2026-08-26"", ""round"": null, ""amount"": ""€2.1 million"", ""verdict"": ""confirmed""}",GigaScan,https://www.jetinvestment.cz/en/news,Jet Investment invests €2.1 million in Swedish deep-tech company GigaScan,2026-08-26,stated,T2,2026-08-26,day,ok,deal,1,100,https://www.jetinvestment.cz/en/news,aca89f0ac8fa2610ec51359d3fb33ef60120c892c1dd0fcb32a04da3e6cbda5c,2026-10-08T20:33:43+00:00,confirmed
C023,investments,3,"{""company"": ""DecisionRules"", ""date"": ""2026-06-24"", ""round"": null, ""amount"": ""€1.5 Million"", ""verdict"": ""confirmed""}",DecisionRules,https://www.jetinvestment.cz/en/news,Jet Investment Invests €1.5 Million in Czech Startup DecisionRules,2026-06-24,stated,T2,2026-06-24,day,ok,deal,1,100,https://www.jetinvestment.cz/en/news,aca89f0ac8fa2610ec51359d3fb33ef60120c892c1dd0fcb32a04da3e6cbda5c,2026-10-08T20:33:43+00:00,confirmed
C023,investments,4,"{""company"": ""Partory"", ""date"": ""2024-10-01"", ""round"": null, ""amount"": ""€1.25 million"", ""verdict"": ""confirmed""}",PARTORY,https://en.ain.ua/2024/10/01/czech-startup-partory-raises-a-eur1m-investment-round-from-jet-investments-new-fund-to-improve-its-application-and-reach-global-markets,Czech-based startup PARTORY has raised €1.25 million in a fresh funding round from Jet Ventures,2024-10-01,stated,T3,2024-10-01,day,ok,deal,1,100,https://en.ain.ua/2024/10/01/czech-startup-partory-raises-a-eur1m-investment-round-from-jet-investments-new-fund-to-improve-its-application-and-reach-global-markets/,0b343a4d1d94f6604b0d7edfd3625487a91cc14bb5715217b08fcb8626f4faca,2026-10-09T17:10:57+00:00,confirmed
C032,funds,0,"{""name"": ""Tensor Ventures Fund II"", ""known_as"": ""new Tensor Ventures fund launched October 2024 (name not stated in source)"", ""size"": ""1,25 miliardy korun"", ""currency"": ""CZK"", ""vintage"": ""2024"", ""status"": ""target"", ""status_date"": ""2024-10-10""}","1,25 miliardy korun",https://cc.cz/live/tensor-ventures-naplno-rozbiha-druhy-fond-na-deep-tech-startupy-chce-mit-125-miliardy/,"Nový fond Tensor Ventures cílí na velikost 1,25 miliardy korun (z toho půl miliardy do fondu vložila EIF)",2024-10-10,stated,T3,2024-10-10,day,ok,,,100,https://cc.cz/live/tensor-ventures-naplno-rozbiha-druhy-fond-na-deep-tech-startupy-chce-mit-125-miliardy/,3769bd15c775c358afcef0b957c6db21133298d6ba0e1870c6920dc60e46f405,2026-10-09T17:10:58+00:00,target
C032,funds,1,"{""name"": ""Tensor Ventures Fund II"", ""known_as"": ""new Tensor Ventures fund launched October 2024 (name not stated in source)"", ""size"": ""50 milionů EUR"", ""currency"": ""EUR"", ""vintage"": ""2024"", ""status"": ""target"", ""status_date"": ""2025-02-24""}",50 milionů EUR,https://feedit.cz/2025/02/24/investorum-venture-clubu-putuji-prvni-vynosy-z-fondu-tensor-ventures-fund-1/,Druhý fond Tensor Ventures cílí na 50 milionů EUR,2025-02-24,stated,T3,2025-02-24,day,ok,,,100,https://feedit.cz/2025/02/24/investorum-venture-clubu-putuji-prvni-vynosy-z-fondu-tensor-ventures-fund-1/,60a59e5ad43d529808090d153d00370102b0d1dfdc48763fe540724e1a6138a9,2026-10-09T17:10:59+00:00,target
C032,funds,2,"{""name"": ""Tensor Ventures Fund II"", ""known_as"": ""new Tensor Ventures fund launched October 2024 (name not stated in source)"", ""size"": ""50–60 million euros"", ""currency"": ""EUR"", ""vintage"": ""2024"", ""status"": ""target"", ""status_date"": ""2025-02-04""}",50–60 million euros,https://ventureclub.cz/en/udalost/tensor-ventures-fund-2-presentation/,The size is 50–60 million euros,,stated,T3,,,ok,,,100,https://ventureclub.cz/en/udalost/tensor-ventures-fund-2-presentation/,482342a2972acb4cf2cb3eeadab70c58a910e812c6ee896a11ba88889d79fc20,2026-10-09T17:10:59+00:00,target
C032,funds,3,"{""name"": ""Tensor Ventures Fund II"", ""known_as"": ""new Tensor Ventures fund launched October 2024 (name not stated in source)"", ""size"": ""miliardu"", ""currency"": ""CZK"", ""vintage"": ""2024"", ""status"": ""first_close"", ""status_date"": null}",vybral miliardu,https://forbes.cz/tensor-vybral-miliardu-a-miri-dal-cesti-investori-sazi-na-ai-i-kvantove-technologie/,Tensor vybral miliardu a míří dál. Čeští investoři sázejí na kvantové technologie,,stated,T3,,,ok,,,100,https://forbes.cz/tensor-vybral-miliardu-a-miri-dal-cesti-investori-sazi-na-ai-i-kvantove-technologie/,fc2ca0e2786d8d54a5c46c42998368d6d53d14b990b03bf0d3f570a679d4509a,2026-10-09T17:11:00+00:00,first_close
C032,funds,4,"{""name"": ""Tensor Ventures first fund (opened 2017)"", ""known_as"": null, ""size"": ""dvacet milionů eur"", ""currency"": ""EUR"", ""vintage"": ""2017"", ""status"": ""final_close"", ""status_date"": ""2024-05-15""}",dvacet milionů eur,https://cc.cz/evropsky-investicni-fond-uz-vlozil-penize-do-17-ceskych-fondu-miliardovy-ted-otevira-s-tensor-ventures/,"pak v roce 2017 otevřeli první fond, do něhož získali dvacet milionů eur, a tento kapitál již rozinvestovali do dvacítky startupů.",2024-05-15,stated,T3,2024-05-15,day,ok,,,100,https://cc.cz/evropsky-investicni-fond-uz-vlozil-penize-do-17-ceskych-fondu-miliardovy-ted-otevira-s-tensor-ventures/,dc45f4264551bd9c0042451ab0a11fc61d553c0ce1af471b2f0e5a85be78a522,2026-10-09T17:11:03+00:00,final_close
C032,investments,0,"{""company"": ""AppFactor"", ""date"": ""2026-02-04"", ""round"": ""seed"", ""amount"": ""$4 Million"", ""verdict"": ""confirmed""}",AppFactor,https://theaiinsider.tech/2026/02/04/tensor-ventures-and-others-invest-4-million-us-in-london-based-appfactor/,Tensor Ventures And Others Invest $4 Million US in London-based AppFactor,2026-02-04,stated,T3,2026-02-04,day,ok,deal,1,100,https://theaiinsider.tech/2026/02/04/tensor-ventures-and-others-invest-4-million-us-in-london-based-appfactor/,60e54baad173dfaf710c789060d9313d52e73d620dbc6a76e5c852cf55036509,2026-10-09T17:11:04+00:00,confirmed
C034,funds,0,"{""name"": ""Tilia Impact Ventures"", ""known_as"": ""Tilia Impact Ventures"", ""size"": ""43 milionů korun"", ""currency"": ""CZK"", ""vintage"": ""2018"", ""status"": ""first_close"", ""status_date"": ""2018-11-28""}",43 milionech korun,https://cc.cz/silke-horakova-a-petr-vitek-z-noveho-tilia-impact-ventures-chybel-nam-rizikovy-kapital-pro-socialni-inovace/,První kolo jsme uzavřeli na 43 milionech korun,2018-11-28,stated,T3,2018-11-28,day,ok,,,100,https://cc.cz/silke-horakova-a-petr-vitek-z-noveho-tilia-impact-ventures-chybel-nam-rizikovy-kapital-pro-socialni-inovace/,25e776d0802bcb7c8c80b3fc9ba0783a43851f05290cb0b88ac543cbe2fc81c8,2026-10-09T17:11:07+00:00,first_close
C034,funds,1,"{""name"": ""Tilia Impact Ventures"", ""known_as"": ""Tilia Impact Ventures"", ""size"": ""43 milionů korun"", ""currency"": ""CZK"", ""vintage"": ""2018"", ""status"": ""first_close"", ""status_date"": ""2019-10-08""}",43 milionů korun,https://cc.cz/silke-horakova-a-petr-vitek-posilaji-miliony-korun-do-startupu-miwa-ktery-z-obchodu-odstranuje-jednorazove-plasty/,Už při svém otevření měl fond k dispozici 43 milionů korun,2019-10-08,stated,T3,2019-10-08,day,ok,,,100,https://cc.cz/silke-horakova-a-petr-vitek-posilaji-miliony-korun-do-startupu-miwa-ktery-z-obchodu-odstranuje-jednorazove-plasty/,58cbf9d69924a251a8582d9657fb9a2b1c90307aafe6875f02c9897cef3cf44f,2026-10-08T21:15:05+00:00,first_close
C034,funds,2,"{""name"": ""Tilia Impact Ventures"", ""known_as"": ""Tilia Impact Ventures"", ""size"": ""necelých 60 milionů korun"", ""currency"": ""CZK"", ""vintage"": ""2018"", ""status"": ""target"", ""status_date"": ""2018-11-28""}",necelých 60 milionů korun,https://cc.cz/silke-horakova-a-petr-vitek-z-noveho-tilia-impact-ventures-chybel-nam-rizikovy-kapital-pro-socialni-inovace/,"doufám, že ve druhém náš fond navýšíme na necelých 60 milionů korun.",2018-11-28,stated,T3,2018-11-28,day,ok,,,100,https://cc.cz/silke-horakova-a-petr-vitek-z-noveho-tilia-impact-ventures-chybel-nam-rizikovy-kapital-pro-socialni-inovace/,25e776d0802bcb7c8c80b3fc9ba0783a43851f05290cb0b88ac543cbe2fc81c8,2026-10-09T17:11:07+00:00,target
C034,funds,3,"{""name"": ""Tilia 2"", ""known_as"": ""Tilia 2"", ""size"": ""€26m"", ""currency"": ""EUR"", ""vintage"": ""2023"", ""status"": ""first_close"", ""status_date"": ""2023-09-15""}",€26m,https://www.causeartist.com/tilia-impact-ventures-32m-impact-seed-fund/,"successful first closing of its second fund, totaling €26m",2023-09-15,stated,T3,2023-09-15,day,ok,,,100,https://www.causeartist.com/blog/tilia-impact-ventures-32m-impact-seed-fund,d8ea51b04c2357d1854978b971d9bab0fb96893e40c27eb65ec81184d8f488f9,2026-10-09T17:11:08+00:00,first_close
C034,funds,4,"{""name"": ""Tilia 2"", ""known_as"": ""Tilia 2"", ""size"": ""26 milionů eur"", ""currency"": ""EUR"", ""vintage"": ""2023"", ""status"": ""first_close"", ""status_date"": ""2023-09-21""}",26 milionů eur,https://cc.cz/cesky-fond-urceny-na-investice-se-spolecenskymi-dopady-ma-dalsich-600-milionu-podporili-ho-winkler-ci-barta/,"Prozatím má Tilia potvrzených 26 milionů eur, tedy 634 milionů korun.",2023-09-21,stated,T3,2023-09-21,day,ok,,,100,https://cc.cz/cesky-fond-urceny-na-investice-se-spolecenskymi-dopady-ma-dalsich-600-milionu-podporili-ho-winkler-ci-barta/,c7924e1813969b37e5af0e021cff496051727279e162f98326807042f7aa96d7,2026-10-09T17:11:09+00:00,first_close
C034,funds,5,"{""name"": ""Tilia 2"", ""known_as"": ""Tilia 2"", ""size"": ""€32m EUR"", ""currency"": ""EUR"", ""vintage"": ""2023"", ""status"": ""target"", ""status_date"": ""2023-09-15""}",€32m EUR,https://www.causeartist.com/tilia-impact-ventures-32m-impact-seed-fund/,They will continue fundraising to the target of €32m EUR over the next 12 months.,2023-09-15,stated,T3,2023-09-15,day,ok,,,100,https://www.causeartist.com/blog/tilia-impact-ventures-32m-impact-seed-fund,d8ea51b04c2357d1854978b971d9bab0fb96893e40c27eb65ec81184d8f488f9,2026-10-09T17:11:08+00:00,target
C034,funds,6,"{""name"": ""Tilia 2"", ""known_as"": ""Tilia 2"", ""size"": ""32 milionů eur"", ""currency"": ""EUR"", ""vintage"": ""2023"", ""status"": ""target"", ""status_date"": ""2023-09-21""}",32 milionů eur,https://cc.cz/cesky-fond-urceny-na-investice-se-spolecenskymi-dopady-ma-dalsich-600-milionu-podporili-ho-winkler-ci-barta/,"s nímž cílí už na 32 milionů eur, v přepočtu bezmála 781 milionů korun.",2023-09-21,stated,T3,2023-09-21,day,ok,,,100,https://cc.cz/cesky-fond-urceny-na-investice-se-spolecenskymi-dopady-ma-dalsich-600-milionu-podporili-ho-winkler-ci-barta/,c7924e1813969b37e5af0e021cff496051727279e162f98326807042f7aa96d7,2026-10-09T17:11:09+00:00,target
C034,investments,0,"{""company"": ""NOLD"", ""date"": ""2023-10-18"", ""round"": ""seed"", ""amount"": ""€1 million"", ""verdict"": ""confirmed""}",NOLD,https://www.newstream.cz/money/fond-silke-horakove-investoval-do-modni-platformy,"Impactový fond Tilia Impact Ventures, který založila investorka a spolumajitelka vydavatelství Albatros Silke Horáková, má nový přírůstek, bulharskou platformu NOLD.",2023-10-18,stated,T3,2023-10-18,day,ok,deal,1,100,https://www.newstream.cz/money/fond-silke-horakove-investoval-do-modni-platformy,74dc34c34f17583cfa848b2ea1ed833e17a8bd49a53a8786862569a5af882952,2026-10-08T21:15:05+00:00,confirmed
C034,investments,1,"{""company"": ""Munch"", ""date"": ""2023-06-13"", ""round"": null, ""amount"": ""desítky milionů korun"", ""verdict"": ""corrected""}",desítky milionů korun,https://cc.cz/nesnezeno-pred-vyhozenim-zachranilo-300-tisic-jidel-spojilo-se-s-madary-spolecne-sli-na-slovensko/,"Blíže nespecifikované desítky milionů korun do firmy vložil český fond Tilia Impact Ventures,",2023-06-13,stated,T3,2023-06-13,day,ok,deal,1,100,https://cc.cz/nesnezeno-pred-vyhozenim-zachranilo-300-tisic-jidel-spojilo-se-s-madary-spolecne-sli-na-slovensko/,685fc6cd5f3e96cbdef36f25afa185acb0502ccd310c82c52685664c7de8657c,2026-10-09T17:11:10+00:00,corrected
C034,investments,3,"{""company"": ""The Village"", ""date"": ""2022-07-04"", ""round"": null, ""amount"": ""€3.4 million"", ""verdict"": ""corrected""}",€3.4 million,https://tech.eu/2022/07/04/ramping-up-early-education-with-parent-led-micro-schools-the-village-rakes-in-eur34-million/,"The Polish platform has now raised €3.4 million to create an all-in-one marketplace to encourage child development. The funding was backed by Movens Capital, 500 Startups, Tilia Impact Ventures and Credo Ventures.",2022-07-04,stated,T3,2022-07-04,day,ok,deal,1,100,https://tech.eu/2022/07/04/ramping-up-early-education-with-parent-led-micro-schools-the-village-rakes-in-eur34-million/,06f144c85372c962d89dcd5f19ce469c6dcbdf7e2ac1ac6056b6b450e093078a,2026-10-09T17:11:11+00:00,corrected
C034,investments,4,"{""company"": ""Datlab"", ""date"": ""2018-11-28"", ""round"": null, ""amount"": null, ""verdict"": ""corrected""}",Datlab,https://cc.cz/silke-horakova-a-petr-vitek-z-noveho-tilia-impact-ventures-chybel-nam-rizikovy-kapital-pro-socialni-inovace/,"Jsme moc rádi, že naše první investice se zaměří na sektor veřejných zakázek a na firmu, která může tento sektor pozitivně ovlivnit. Jedná se o Datlab",2018-11-28,stated,T3,2018-11-28,day,ok,deal,0,100,https://cc.cz/silke-horakova-a-petr-vitek-z-noveho-tilia-impact-ventures-chybel-nam-rizikovy-kapital-pro-socialni-inovace/,25e776d0802bcb7c8c80b3fc9ba0783a43851f05290cb0b88ac543cbe2fc81c8,2026-10-09T17:11:07+00:00,corrected
C034,investments,5,"{""company"": ""MIWA Technologies"", ""date"": ""2019-10-08"", ""round"": null, ""amount"": null, ""verdict"": ""confirmed""}",MIWA Technologies,https://cc.cz/silke-horakova-a-petr-vitek-posilaji-miliony-korun-do-startupu-miwa-ktery-z-obchodu-odstranuje-jednorazove-plasty/,Druhou investicí v portfoliu Tilia Impact Ventures se nyní stává společnost MIWA Technologies,2019-10-08,stated,T3,2019-10-08,day,ok,deal,1,100,https://cc.cz/silke-horakova-a-petr-vitek-posilaji-miliony-korun-do-startupu-miwa-ktery-z-obchodu-odstranuje-jednorazove-plasty/,58cbf9d69924a251a8582d9657fb9a2b1c90307aafe6875f02c9897cef3cf44f,2026-10-08T21:15:05+00:00,confirmed
C063,funds,0,"{""name"": ""JSK Investments SICAV"", ""known_as"": ""JSK Investments SICAV"", ""size"": ""dvě miliardy korun"", ""currency"": ""CZK"", ""vintage"": ""2025"", ""status"": ""first_close"", ""status_date"": ""2025-10-01""}",dvě miliardy korun,https://www.newstream.cz/money/kijonkova-spousti-vlastni-fond-pro-kvalifikovane-investory,Počáteční objem prostředků činí dvě miliardy korun s výhledem na navýšení do řádu vyšších jednotek miliard.,2025-10-01,stated,T3,2025-10-01,day,ok,,,100,https://www.newstream.cz/money/kijonkova-spousti-vlastni-fond-pro-kvalifikovane-investory,73a384fb70bde67bb4b1f05f6f69faf3bc62be3bda5de7c83470e78391cc1b11,2026-10-09T17:11:12+00:00,first_close
C063,funds,1,"{""name"": ""JSK Investments SICAV"", ""known_as"": ""JSK Investments SICAV"", ""size"": ""zhruba dvě miliardy korun"", ""currency"": ""CZK"", ""vintage"": ""2025"", ""status"": ""first_close"", ""status_date"": ""2025-09-30""}",zhruba dvě miliardy korun,https://cc.cz/investujte-jako-simona-kijonkova-zakladatelka-zasilkovny-otevira-fond-do-ktereho-chce-miliardy/,"Společně s manželem Jaromírem Kijonkou už před osmi lety založili investiční skupinu JSK Investments a v rámci ní teď rozjíždí investiční fond, do kterého sami Kijonkovi vkládají zhruba dvě miliardy korun.",2025-09-30,stated,T3,2025-09-30,day,ok,,,100,https://cc.cz/investujte-jako-simona-kijonkova-zakladatelka-zasilkovny-otevira-fond-do-ktereho-chce-miliardy/,caa3f268f41933ab77903a4543f390e061f770d7dc60e03c4d5ac8d113a714a0,2026-10-09T05:34:23+00:00,first_close
C063,funds,2,"{""name"": ""JSK Investments private equity fund (planned)"", ""known_as"": null, ""size"": ""100 milionů eur"", ""currency"": ""EUR"", ""vintage"": null, ""status"": ""target"", ""status_date"": ""2025-06-03""}",100 milionů eur,https://cc.cz/kijonkovi-pokracuji-v-investicich-hodlaji-rozjet-dalsi-dva-fondy-jeden-cili-na-velikost-25-miliardy/,Zhruba za tři roky pak hodlá spustit fundraising na plnohodnotný private equity fond s cílovou velikostí 100 milionů eur,2025-06-03,stated,T3,2025-06-03,day,ok,,,100,https://cc.cz/kijonkovi-pokracuji-v-investicich-hodlaji-rozjet-dalsi-dva-fondy-jeden-cili-na-velikost-25-miliardy/,4534202fb0c7aac58d1dec7d7a9b05058a7b9bb809628c91792e2529c61dec62,2026-10-09T17:11:12+00:00,target
C063,investments,0,"{""company"": ""Andromeda Surgical"", ""date"": ""2026-09-15"", ""round"": ""Series A"", ""amount"": null, ""verdict"": ""confirmed""}",Andromeda Surgical,https://cc.cz/simona-kijonkova-investuje-desitky-milionu-do-roboticke-chirurgie-cilem-je-zkratit-fronty-na-operace/,Fond JSK Investments se zapojil do investice do amerického startupu Andromeda Surgical,2026-09-15,stated,T3,2026-09-15,day,ok,deal,1,100,https://cc.cz/simona-kijonkova-investuje-desitky-milionu-do-roboticke-chirurgie-cilem-je-zkratit-fronty-na-operace/,9f18aaab7a370d566bfc90c0d659761c0270861ae579b0cc688f858c49c696ae,2026-10-09T05:34:22+00:00,confirmed
C063,investments,1,"{""company"": ""Elin.ai"", ""date"": ""2024-12-09"", ""round"": ""pre-seed"", ""amount"": ""420 tisíc eur"", ""verdict"": ""confirmed""}",420 tisíc eur,https://www.lupa.cz/aktuality/jsk-investments-simony-kijonkove-investuje-420-tisic-eur-do-ai-startupu-elin-ai/,JSK Investments Simony Kijonkové investoval 420 tisíc eur do AI startupu Elin.ai,2024-12-09,stated,T3,2024-12-09,day,ok,deal,1,100,https://www.lupa.cz/aktuality/jsk-investments-simony-kijonkove-investuje-420-tisic-eur-do-ai-startupu-elin-ai/,09ed651354f93ca4a08f3c3188ef21ad215ec23fe8b251af6f64369bd1b74a6b,2026-10-09T05:34:22+00:00,confirmed
C063,investments,100,"{""company"": ""MintNeuro"", ""date"": ""2026-10-09"", ""round"": null, ""amount"": null, ""verdict"": ""new""}",MintNeuro,https://www.jskinvestments.cz,Investiční fond JSK Investments SICAV a.s. se zapojil do investičního kola britské společnosti MintNeuro,2026-10-09,stated,T2,2026-10-09,day,quote_not_found,,,63,https://www.jskinvestments.cz/cs,3296318483e8936df6cfa0e16f491b60a992de99cb3d4d94a63e84d059d44e17,2026-10-09T05:34:23+00:00,new
C092,funds,0,"{""name"": ""Lighthouse Seed Fund"", ""known_as"": ""Lighthouse Seed Fund"", ""size"": ""23 mil. EUR"", ""currency"": ""EUR"", ""vintage"": ""2019"", ""status"": ""final_close"", ""status_date"": ""2019-06-06""}",23 miliony eur,https://www.lupa.cz/aktuality/zalesakuv-lighthouse-investuje-do-brnenskych-pekat-vision-pomoci-ai-hleda-chyby/,Fond Lighthouse aktuálně operuje s 23 miliony eur.,2019-06-06,stated,T3,2019-06-06,day,ok,,,100,https://www.lupa.cz/aktuality/zalesakuv-lighthouse-investuje-do-brnenskych-pekat-vision-pomoci-ai-hleda-chyby/,7260d3cc5568cfbc1f7dcc366c09581c79e15127f04e07c4b5204c5e0ac26d6e,2026-10-09T17:11:13+00:00,final_close
C092,funds,1,"{""name"": ""Lighthouse Seed Fund"", ""known_as"": ""Lighthouse Seed Fund"", ""size"": ""600 mil. CZK"", ""currency"": ""CZK"", ""vintage"": ""2019"", ""status"": ""final_close"", ""status_date"": ""2020-04-06""}",600 milionů korun,https://cc.cz/2020/04/nejde-o-zdroj-penez-ale-jak-fondy-podporuji-startupy-v-rozvoji-i-pres-krizi-investujeme-dal-rika-zalesak-z-lighthouse-ventures/,Loni společně s partnery založil investiční fond Lighthouse Ventures s celkovým kapitálem na úrovni 600 milionů korun,2020-04-06,stated,T3,2020-04-06,day,ok,,,100,https://cc.cz/2020/04/nejde-o-zdroj-penez-ale-jak-fondy-podporuji-startupy-v-rozvoji-i-pres-krizi-investujeme-dal-rika-zalesak-z-lighthouse-ventures/,ee96f4e2002bf2a6ffbd5f80f635ef24ba40cc4819fc283bbfb04da6e27a06ae,2026-10-09T17:11:14+00:00,final_close
C092,investments,0,"{""company"": ""Ranketta"", ""date"": ""2025-11-27"", ""round"": ""pre-Seed"", ""amount"": ""€1 million"", ""verdict"": ""confirmed""}",Ranketta,https://www.thesaasnews.com/news/ranketta-raises-1m-pre-seed-round/,"Ranketta, a Brno, Czech Republic-based AI visibility platform, has raised €1 million in pre-Seed funding. The funding round was led by Lighthouse Ventures, with participation from Gi21 Capital.",2025-11-27,stated,T3,2025-11-27,day,ok,deal,1,95,https://www.thesaasnews.com/news/ranketta-raises-1m-pre-seed-round/,9b4f51a0312ff0fbca0c7b57751ef6325bbfa679743da9faadc8853813ce976e,2026-10-08T21:15:00+00:00,confirmed
C092,investments,1,"{""company"": ""Pekat Vision"", ""date"": ""2019-06-07"", ""round"": null, ""amount"": ""vyšší stovky tisíc eur"", ""verdict"": ""confirmed""}",Pekat Vision,https://cc.cz/2019/06/cesky-fond-lighthouse-ventures-vlozil-vyssi-stovky-tisic-eur-do-brnenskeho-ai-startupu-pekat-vision/,Český fond Lighthouse Ventures vložil vyšší stovky tisíc eur do brněnského AI startupu Pekat Vision,2019-06-07,stated,T3,2019-06-07,day,ok,deal,1,100,https://cc.cz/2019/06/cesky-fond-lighthouse-ventures-vlozil-vyssi-stovky-tisic-eur-do-brnenskeho-ai-startupu-pekat-vision/,d3ea917f792a05505a6d2c9cde5577a9be204e5b101202807a47cf612a7261bc,2026-10-08T21:15:00+00:00,confirmed
C092,investments,100,"{""company"": ""Merchantee"", ""date"": ""2026-06-09"", ""round"": null, ""amount"": null, ""verdict"": ""new""}",Lighthouse Ventures,https://raising.fi/news/merchantee-undisclosed-june-2026,"Lighthouse Ventures also joined this funding effort, indicating strong interest in Merchantee",2026-06-09,stated,T3,2026-06-09,day,ok,deal,1,100,https://raising.fi/news/merchantee-undisclosed-june-2026,71a2b65b6b51333f15b7e3b773c942d267d27895312a79047e6a76baf2666c58,2026-10-09T17:11:15+00:00,new
C099,funds,0,"{""name"": ""Neulogy Ventures (seed fund and VC fund, combined)"", ""known_as"": null, ""size"": ""23 mil. EUR"", ""currency"": ""EUR"", ""vintage"": ""2014"", ""status"": ""final_close"", ""status_date"": ""2014-04-30""}",23 miliónov Eur,https://www.startitup.sk/?p=8860,Obidva fondy majú k dispozícii 23 miliónov Eur,2014-04-30,stated,T3,2014-04-30,day,ok,,,100,https://www.startitup.sk/neulogy-ventures-a-ich-uvodny-event-ako-sa-patri/,3520236c891f804b48e02d34e6fe01a1687d7c773784c3e97ed09a8011a101b7,2026-10-09T17:11:16+00:00,final_close
C099,investments,0,"{""company"": ""GA Drilling"", ""date"": ""2024-04-25"", ""round"": ""first close"", ""amount"": ""$15M"", ""verdict"": ""confirmed""}",GA Drilling,https://www.privsource.com/acquisitions/deal/YBSvjg,"GA Drilling Secures $15M First Close from Nabors, alfa8, Underground Ventures, Neulogy Ventures and Thomas von Koch",2024-04-25,stated,T3,2024-04-25,day,url_dead,,,,https://www.privsource.com/acquisitions/deal/YBSvjg,,2026-10-09T17:26:09+00:00,confirmed
C100,funds,0,"{""name"": ""Venture to Future Fund"", ""known_as"": ""Venture to Future Fund"", ""size"": ""55 mil. EUR"", ""currency"": ""EUR"", ""vintage"": ""2020"", ""status"": ""final_close"", ""status_date"": null}",55 mil. EUR,https://vff.sk,"máme vyčlenených 55 mil. EUR, aby sme našli a zafinancovali práve váš projekt",,stated,T2,,,ok,,,100,https://vff.sk,ac7d00a3405a71bf479936668c7a2689bd77199948302beae08f0e6e91e0d5ae,2026-10-08T21:14:49+00:00,final_close
C100,funds,1,"{""name"": ""Venture to Future Fund"", ""known_as"": ""Venture to Future Fund"", ""size"": ""40.4 mil. EUR"", ""currency"": ""EUR"", ""vintage"": ""2020"", ""status"": ""final_close"", ""status_date"": null}",EUR 40.4 million,https://www.sih.sk/en/aktuality/venture-to-future-fund-navysuje-kapital-o-15-3-miliona-eur-na-podporu-slovenskych-startupov,an initial capital of EUR 40.4 million,2024-05-28,stated,T1,2024-05-28,day,ok,,,100,https://www.sih.sk/en/aktuality/venture-to-future-fund-navysuje-kapital-o-15-3-miliona-eur-na-podporu-slovenskych-startupov,917fb4864c95543f67e517ee2d056273b709cc5cf220333869d3310800bd787b,2026-10-09T17:11:19+00:00,final_close
C100,investments,0,"{""company"": ""Talentiqa"", ""date"": ""2025-10"", ""round"": null, ""amount"": ""€1 million"", ""verdict"": ""confirmed""}",Talentiqa,https://www.thesaasnews.com/news/talentiqa-raises-1-million-in-funding/,"Talentiqa, an Ostrava, Czech Republic-based recruitment automation startup, has raised €1 million in funding. The funding round was backed equally by Purple Ventures and Venture to Future Fund.",2025-10-07,stated,T3,2025-10-01,month,ok,deal,1,95,https://www.thesaasnews.com/news/talentiqa-raises-1-million-in-funding/,fbd08c04b2ac84c0cd821ec61ebaf3cc5758f48451d0be78913a016d0217e4cf,2026-10-08T21:14:50+00:00,confirmed
C100,investments,1,"{""company"": ""Product Fruits"", ""date"": ""2023-05-10"", ""round"": null, ""amount"": ""1,6 milióna eur"", ""verdict"": ""confirmed""}",Product Fruits,https://vff.sk/novinky/nase-investicne-portfolio-sa-rozsirilo-o-spolocnost-product-fruits-ktora-ziskala-investiciu-vo-vyske-1-6-miliona-eur-19,"Naše investičné portfólio sa rozšírilo o spoločnosť Product Fruits, ktorá získala investíciu vo výške 1,6 milióna eur",2023-05-10,stated,T2,2023-05-10,day,ok,deal,1,100,https://vff.sk/novinky/nase-investicne-portfolio-sa-rozsirilo-o-spolocnost-product-fruits-ktora-ziskala-investiciu-vo-vyske-1-6-miliona-eur-19,33474bd069695ec43f6d837e47f96a6616a3cc3c2464c718b7a1a25c965a37b2,2026-10-09T17:11:20+00:00,confirmed
C100,investments,2,"{""company"": ""Sensoneo"", ""date"": ""2023-06-08"", ""round"": ""Series A"", ""amount"": ""6.2 million euros"", ""verdict"": ""corrected""}",Venture to Future Fund,https://sensoneo.com/series-a-investment/,Venture to Future Fund. Sensoneo will use the investment to expand into other regions,2023-06-08,stated,T3,2023-06-08,day,ok,deal,1,100,https://www.sensoneo.com/series-a-investment/,819a1567d77d1ef290d11a9c359fb5a8e54c855481ff1ac735f03506f751cf35,2026-10-09T17:11:20+00:00,corrected
C125,funds,0,"{""name"": ""National Development Fund II"", ""known_as"": null, ""size"": ""623 mil. EUR"", ""currency"": ""EUR"", ""vintage"": ""2014"", ""status"": ""final_close"", ""status_date"": ""2017-12-31""}",EUR 623 mil.,https://sih.sk/en/stranky/cinnosti/national-development-fund-ii/o-spolocnosti-ndf-ii,Financial resources allocated to NDF II. as of the 31st December 2017 amount to EUR 623 mil.,,stated,T1,,,ok,,,100,https://www.sih.sk/en/stranky/cinnosti/national-development-fund-ii/o-spolocnosti-ndf-ii,c32c9d0e3cf6301fdd114106783690795662abef7297c70e87703775e247bdc0,2026-10-09T17:11:22+00:00,final_close
C125,investments,0,"{""company"": ""PERRY SOFT a.s."", ""date"": ""2025-09-05"", ""round"": ""convertible loan"", ""amount"": ""EUR 2 million"", ""verdict"": ""confirmed""}",PERRY SOFT a.s.,https://www.sih.sk/en/aktuality/sih-investuje-do-technologickeho-startupu,"Slovak Investment Holding (SIH), through the National Development Fund II., has invested EUR 2 million in PERRY SOFT a.s.",2025-09-05,stated,T1,2025-09-05,day,ok,deal,1,100,https://www.sih.sk/en/aktuality/sih-investuje-do-technologickeho-startupu,d94d31176be0b3d61fcc911fc34b332c9f0f32c0c13ed73a6e98e548e297da55,2026-10-08T20:34:08+00:00,confirmed
C125,investments,1,"{""company"": ""InoBat"", ""date"": ""2024-01-31"", ""round"": ""Series C"", ""amount"": null, ""verdict"": ""confirmed""}",InoBat,https://www.inobat.eu/newsroom/inobat-has-secured-another-significant-investor-slovak-investment-holding/,"InoBat has secured another significant investor, Slovak Investment Holding",2024-01-31,stated,T3,2024-01-31,day,ok,deal,1,100,https://www.inobat.eu/newsroom/inobat-has-secured-another-significant-investor-slovak-investment-holding/,a09282e2ac87ca60c420096ac43f8b38c062dcc6137ccb2caf38afea4b466f3b,2026-10-08T20:34:09+00:00,confirmed
C125,investments,100,"{""company"": ""VisionFlow"", ""date"": ""2026-09-22"", ""round"": ""convertible loan"", ""amount"": ""€1.4 million"", ""verdict"": ""new""}",€1.4 million,https://www.sih.sk/en/aktuality/sih-investuje-1-4-miliona-eur-do-visionflow-slovensky-startup-vyvija-softverovu-datovu-infrastrukturu-pre-umelu-inteligenciu,Slovak Investment Holding is investing €1.4 million in VisionFlow,2026-09-22,stated,T1,2026-09-22,day,ok,deal,1,100,https://www.sih.sk/en/aktuality/sih-investuje-1-4-miliona-eur-do-visionflow-slovensky-startup-vyvija-softverovu-datovu-infrastrukturu-pre-umelu-inteligenciu,24ce39271980801fcd4d004235fddf865b29ac45139a19deb2bf132d8993a2d5,2026-10-09T17:11:22+00:00,new
C125,investments,101,"{""company"": ""AT Crystals"", ""date"": ""2026-09-15"", ""round"": null, ""amount"": ""€280,000"", ""verdict"": ""new""}","€280,000",https://www.sih.sk/en/aktuality/sih-investuje-do-slovenskej-deep-tech-spolocnosti-at-crystals,"Slovak Investment Holding (SIH) is investing €280,000 in Slovak technology company AT Crystals",2026-09-15,stated,T1,2026-09-15,day,ok,deal,1,100,https://www.sih.sk/en/aktuality/sih-investuje-do-slovenskej-deep-tech-spolocnosti-at-crystals,3ec05fb5066f957e07808eed19e8803579d7416867b408d22a42f9771c3ffdf0,2026-10-09T17:11:23+00:00,new
C132,funds,0,"{""name"": ""Zero Gravity Capital"", ""known_as"": null, ""size"": ""EUR 23m"", ""currency"": ""EUR"", ""vintage"": null, ""status"": ""final_close"", ""status_date"": ""2023-01-06""}",EUR 23m,https://www.unquote.com/cee/news/3028445/zero-one-hundred-targets-eur-15m-for-new-funds-first-close,follow-on rounds for existing portfolio companies in the EUR 23m Zero Gravity Capital fund.,2023-01-06,stated,T3,2023-01-06,day,ok,,,100,https://www.unquote.com/cee/news/3028445/zero-one-hundred-targets-eur-15m-for-new-funds-first-close,f64714b96e17339df88d7da988c869da3b3648b82ce160865807f35dbec9a838,2026-10-09T05:09:15+00:00,final_close
C132,investments,0,"{""company"": ""Wewell"", ""date"": ""2023-12-06"", ""round"": ""seed"", ""amount"": ""1,25 milióna eur"", ""verdict"": ""confirmed""}",Wewell,https://www.startitup.sk/?p=840617,"Investícia 1,25 milióna eur od slovenského fondu Crowdberry Investment Management, Zero Gravity Capital a anjelského investora Jakuba Borovičku poukazuje na silný potenciál Wewell na trhu.",2023-12-06,stated,T3,2023-12-06,day,ok,deal,1,100,https://www.startitup.sk/nova-appka-slovakov-rozlisi-az-50-000-produktov-a-varuje-ta-pred-toxickymi-latkami-je-to-vreckovy-dermatolog/,90fa7547404da6b21f4f6e743aa4cd1be07d53e07c4cf3413f5b2ed79883daa6,2026-10-09T17:11:24+00:00,confirmed
C135,investments,0,"{""company"": ""Repsense"", ""date"": ""2025-12-17"", ""round"": ""seed"", ""amount"": ""1,1 milionu eur"", ""verdict"": ""confirmed""}",Seed Starter České spořitelny,https://cc.cz/jejich-nastroj-havel-pomaha-i-v-nato-do-litevcu-ted-investuji-tensor-ventures-a-ceska-sporitelna/,"Investiční kolo vedl český deeptech fond Tensor Ventures, přidaly se Seed Starter České spořitelny",2025-12-17,stated,T3,2025-12-17,day,ok,deal,1,100,https://cc.cz/jejich-nastroj-havel-pomaha-i-v-nato-do-litevcu-ted-investuji-tensor-ventures-a-ceska-sporitelna/,3ec738ca4cee5d46458fb0fd90c6056cd054d6da4edbecabe011210c5ca691bc,2026-10-08T21:15:22+00:00,confirmed
C135,investments,1,"{""company"": ""Investown"", ""date"": ""2020-09-02"", ""round"": null, ""amount"": ""několik milionů korun"", ""verdict"": ""corrected""}",Investown,https://cc.cz/novy-startup-investown-nabidne-investicni-nemovitosti-uz-od-par-stovek-miliony-korun-do-nej-posila-ceska-sporitelna/,Nový startup Investown nabídne investiční nemovitosti už od pár stovek. Miliony korun do něj posílá Česká spořitelna,2020-09-02,stated,T3,2020-09-02,day,ok,mention,0,100,https://cc.cz/novy-startup-investown-nabidne-investicni-nemovitosti-uz-od-par-stovek-miliony-korun-do-nej-posila-ceska-sporitelna/,db384980d91fc5c373be57576249f6710a9b2cac6f717c3d0fced02abe93a197,2026-10-09T17:11:25+00:00,corrected
C135,investments,2,"{""company"": ""Signi"", ""date"": ""2021-03-26"", ""round"": null, ""amount"": ""do výše 1 milionu eur"", ""verdict"": ""corrected""}",Seed Starteru do Signi,https://cc.cz/ceska-sporitelna-investuje-do-elektronickych-podpisu-ceske-signi-podpori-desitkami-milionu-korun/,"Hodnota investice Seed Starteru do Signi se pohybuje v rozmezí, které odpovídá standardu u takto maturovaných společností",2021-03-26,stated,T3,2021-03-26,day,ok,deal,1,100,https://cc.cz/ceska-sporitelna-investuje-do-elektronickych-podpisu-ceske-signi-podpori-desitkami-milionu-korun/,1986c0c9d6731ac622e744b76d1ace8116e87ab63fb9a0c5f35d3a8dd875bb6b,2026-10-09T17:11:26+00:00,corrected
C135,investments,3,"{""company"": ""PalmApp"", ""date"": ""2022-01-18"", ""round"": null, ""amount"": ""27 milionů korun"", ""verdict"": ""corrected""}",PalmApp,https://cc.cz/vyplata-mzdy-kdykoliv-v-mesici-tuzemsky-startup-palmapp-ziskava-desitky-milionu-i-od-ceske-sporitelny/,"Jedním z nich je PalmApp, který nyní získává finanční podporu od České spořitelny a společnosti ZenX Capital.",2022-01-18,stated,T3,2022-01-18,day,ok,mention,0,100,https://cc.cz/vyplata-mzdy-kdykoliv-v-mesici-tuzemsky-startup-palmapp-ziskava-desitky-milionu-i-od-ceske-sporitelny/,4bb2cc26ec84b2a1fda717a74be7face5dd44060141afd5f9817a72d8a752ee2,2026-10-09T17:11:27+00:00,corrected
C135,investments,4,"{""company"": ""Wflow"", ""date"": ""2022-02-08"", ""round"": null, ""amount"": ""nižší desítky milionů korun"", ""verdict"": ""corrected""}",Wflow.com,https://cc.cz/ceskou-sporitelnu-zaujala-automatizace-ucetnictvi-do-startupu-wflow-posila-desitky-milionu-korun/,"Ze všech startupů, do kterých jsme se Seed Starterem investičně vstoupili, je Wflow.com nejvíce maturovaná firma.",2022-02-08,stated,T3,2022-02-08,day,ok,deal,1,100,https://cc.cz/ceskou-sporitelnu-zaujala-automatizace-ucetnictvi-do-startupu-wflow-posila-desitky-milionu-korun/,c383b77dc4c784a07e274d92655c21b4aa01eeded65a91e1de6232a2e56400f1,2026-10-09T17:11:27+00:00,corrected
C135,investments,5,"{""company"": ""Rekenber"", ""date"": ""2022-03-15"", ""round"": null, ""amount"": ""12 milionů korun"", ""verdict"": ""corrected""}",Rekenber nyní podpoří částkou 12 milionů korun,https://cc.cz/v-cesku-je-800-tisic-lidi-v-insolvenci-startup-pomahajici-resit-problemy-dluzniku-dostal-investici-od-ceske-sporitelny/,"Pilotní projekt však už realizuje s Českou spořitelnou a její investiční odnož zaměřená na startupy Seed Starter teď oznámila, že Rekenber nyní podpoří částkou 12 milionů korun.",2022-03-15,stated,T3,2022-03-15,day,ok,deal,1,100,https://cc.cz/v-cesku-je-800-tisic-lidi-v-insolvenci-startup-pomahajici-resit-problemy-dluzniku-dostal-investici-od-ceske-sporitelny/,2244ccfa731651471782993ce923aa62f51eb88041e4622681c40bbdbe38a2bc,2026-10-09T17:11:28+00:00,corrected
C135,investments,100,"{""company"": ""Pointee"", ""date"": ""2026-04-15"", ""round"": ""seed"", ""amount"": ""1,4 milionu dolarů"", ""verdict"": ""new""}",Seed Starter České i Slovenské spořitelny,https://cc.cz/nasadit-ai-je-hracka-ale-uridit-ji-peklo-hlasi-cesky-startup-ktery-na-to-ziskal-desitky-milionu/,"Investici vedl český fond Tensor Ventures, ke kterému se přidal Seed Starter České i Slovenské spořitelny.",2026-04-15,stated,T3,2026-04-15,day,ok,deal,1,100,https://cc.cz/nasadit-ai-je-hracka-ale-uridit-ji-peklo-hlasi-cesky-startup-ktery-na-to-ziskal-desitky-milionu/,ba5bc9b61feb441927db398b7c7c759c18bfedf79f4eace3f1726b0ff43d5256,2026-10-09T17:11:29+00:00,new
C135,investments,101,"{""company"": ""Definic"", ""date"": ""2026-06-12"", ""round"": ""seed"", ""amount"": ""2,5 milionu eur"", ""verdict"": ""new""}",Seed Starter patřící pod Českou spořitelnu,https://cc.cz/nakup-it-sluzeb-v-korporacich-je-casto-nefunkcni-hlasi-do-jejich-reseni-investuje-i-ceska-sporitelna/,"Investiční kolo vedl český fond J&T Ventures, ke kterému se připojil Seed Starter patřící pod Českou spořitelnu",2026-06-12,stated,T3,2026-06-12,day,ok,deal,1,100,https://cc.cz/nakup-it-sluzeb-v-korporacich-je-casto-nefunkcni-hlasi-do-jejich-reseni-investuje-i-ceska-sporitelna/,ffa11a4ba5bb72fc4adbed2f6893cf281af188593ef3347f770137084edcb8ac,2026-10-08T21:15:22+00:00,new
C139,funds,0,"{""name"": ""J&T Ventures I"", ""known_as"": null, ""size"": ""7 milionů eur"", ""currency"": ""EUR"", ""vintage"": null, ""status"": ""final_close"", ""status_date"": ""2025-02-20""}",7 milionů eur,https://www.jtbank.cz/clanky/insight/j3ipg9ykdf-investujte-do-spickovych-startupu-s-novym-fondem-j-t-ventures,Fond J&T Ventures III navazuje na předchozí úspěšné fondy J&T Ventures I (7 milionů eur) a J&T Ventures II (48 milionů eur),2025-02-20,stated,T3,2025-02-20,day,ok,,,100,https://www.jtbank.cz/clanky/insight/j3ipg9ykdf-investujte-do-spickovych-startupu-s-novym-fondem-j-t-ventures,db41a031403d32a0ae3d62cb47d4b61b6bf8f7d8bdaf34f6c2c99482b07fcb2a,2026-10-09T17:11:30+00:00,final_close
C139,funds,1,"{""name"": ""J&T Ventures II"", ""known_as"": null, ""size"": ""48 milionů eur"", ""currency"": ""EUR"", ""vintage"": ""2019"", ""status"": ""final_close"", ""status_date"": ""2025-02-20""}",48 milionů eur,https://www.jtbank.cz/clanky/insight/j3ipg9ykdf-investujte-do-spickovych-startupu-s-novym-fondem-j-t-ventures,Fond J&T Ventures III navazuje na předchozí úspěšné fondy J&T Ventures I (7 milionů eur) a J&T Ventures II (48 milionů eur),2025-02-20,stated,T3,2025-02-20,day,ok,,,100,https://www.jtbank.cz/clanky/insight/j3ipg9ykdf-investujte-do-spickovych-startupu-s-novym-fondem-j-t-ventures,db41a031403d32a0ae3d62cb47d4b61b6bf8f7d8bdaf34f6c2c99482b07fcb2a,2026-10-09T17:11:30+00:00,final_close
C139,funds,2,"{""name"": ""J&T Ventures II"", ""known_as"": null, ""size"": ""takmer 800 miliónov Kč"", ""currency"": ""CZK"", ""vintage"": ""2019"", ""status"": ""first_close"", ""status_date"": ""2020-06-06""}",takmer 800 miliónov Kč,https://www.startitup.sk/jt-napumpuje-do-startupov-30-milionov-eur-koronakrizu-povazuje-za-prilezitost/,Investičný fond Ventures II bol s miernym oneskorením oproti plánu spustený v októbri minulého roka. Len do marca dokázal získať takmer 800 miliónov Kč.,2020-06-06,stated,T3,2020-06-06,day,ok,,,100,https://www.startitup.sk/jt-napumpuje-do-startupov-30-milionov-eur-koronakrizu-povazuje-za-prilezitost/,bb7c1809b99313a946c879198879e1c147d1532be3c1a0a46b2d92770a27cef7,2026-10-09T17:11:31+00:00,first_close
C139,funds,3,"{""name"": ""J&T Ventures II"", ""known_as"": null, ""size"": ""1 miliarda Kč"", ""currency"": ""CZK"", ""vintage"": ""2019"", ""status"": ""target"", ""status_date"": ""2020-06-06""}",1 miliarda Kč,https://www.startitup.sk/jt-napumpuje-do-startupov-30-milionov-eur-koronakrizu-povazuje-za-prilezitost/,Len do marca dokázal získať takmer 800 miliónov Kč. Plánovaná veľkosť fondu je pritom rovná 1 miliarda Kč.,2020-06-06,stated,T3,2020-06-06,day,ok,,,100,https://www.startitup.sk/jt-napumpuje-do-startupov-30-milionov-eur-koronakrizu-povazuje-za-prilezitost/,bb7c1809b99313a946c879198879e1c147d1532be3c1a0a46b2d92770a27cef7,2026-10-09T17:11:31+00:00,target
C139,funds,4,"{""name"": ""J&T Ventures III"", ""known_as"": null, ""size"": ""75 milionů eur"", ""currency"": ""EUR"", ""vintage"": ""2024"", ""status"": ""target"", ""status_date"": ""2024-11-05""}",75 milionů eur,https://www.jtbank.cz/clanky/interview/j3imbtu9eu-adam-kocik-zajimava-prilezitost-ma-nazev-j-t-ventures-iii,J&T Ventures zúročuje deset let zkušeností ve venture kapitálu a spouští svůj dosud největší venture kapitálový fond s plánovanou velikostí 75 milionů eur.,2024-11-05,stated,T3,2024-11-05,day,ok,,,100,https://www.jtbank.cz/clanky/interview/j3imbtu9eu-adam-kocik-zajimava-prilezitost-ma-nazev-j-t-ventures-iii,a0bd917540d5f91a26b45ea1438dd6e584583f69faae783c4eaaec6416d7e80e,2026-10-09T17:11:32+00:00,target
C139,investments,0,"{""company"": ""Xund"", ""date"": ""2025-03-05"", ""round"": ""Pre-Series A"", ""amount"": ""6 milionů eur"", ""verdict"": ""confirmed""}",Xund,https://cc.cz/live/jt-ventures-a-lead-ventures-investuji-do-videnskeho-scaleupu-xund-celkem-6-milionu-eur/,"J&T Ventures a Lead Ventures investují do vídeňského scaleupu Xund, celkem 6 milionů eur",2025-03-05,stated,T3,2025-03-05,day,ok,deal,1,100,https://cc.cz/live/jt-ventures-a-lead-ventures-investuji-do-videnskeho-scaleupu-xund-celkem-6-milionu-eur/,ee9d6186c3536b54926890471c3d17376a0bd44169ff7c6b36b05f8b17e6e46d,2026-10-09T05:09:05+00:00,confirmed
C139,investments,1,"{""company"": ""FetView"", ""date"": ""2015-03-24"", ""round"": null, ""amount"": null, ""verdict"": ""confirmed""}",FetView,https://cc.cz/jt-investoval-desitky-milionu-do-techto-2-startupu/,"Zhruba rok starý venture kapitálový fond J&T VENTURES patřící J&T bance, ohlašuje investici do dvou zajímavých projektů. Konkrétně se jedná o zdravotnický software FetView",2015-03-24,stated,T3,2015-03-24,day,ok,deal,1,100,https://cc.cz/jt-investoval-desitky-milionu-do-techto-2-startupu/,fcc6c93e66dd20d38c045e4160c6a207a83baf4df44aeb48d311f434beebb811,2026-10-09T05:09:06+00:00,confirmed
C139,investments,100,"{""company"": ""ValkaAI"", ""date"": ""2026-02-24"", ""round"": ""pre-seed"", ""amount"": ""12 milionů eur"", ""verdict"": ""new""}",J&T Ventures,https://cc.cz/tvori-avatary-kteri-zvladnou-zive-komentovat-sportovni-zapasy-ted-ziskal-rekordni-investici/,"Startup v pre-seedovém kole získal rekordní investici 12 milionů eur, tedy necelých 300 milionů korun, a to od tuzemských fondů J&T Ventures, Tensor Ventures, BD Partners",2026-02-24,stated,T3,2026-02-24,day,ok,deal,1,100,https://cc.cz/tvori-avatary-kteri-zvladnou-zive-komentovat-sportovni-zapasy-ted-ziskal-rekordni-investici/,097a817c06ef5510854a2b9a623a96b4dd755af5831608cc0e2db25e384d8ed2,2026-10-09T17:11:32+00:00,new
C139,investments,101,"{""company"": ""Definic"", ""date"": ""2026-06-12"", ""round"": ""seed"", ""amount"": ""2,5 milionu eur"", ""verdict"": ""new""}",Investiční kolo vedl český fond J&T Ventures,https://cc.cz/nakup-it-sluzeb-v-korporacich-je-casto-nefunkcni-hlasi-do-jejich-reseni-investuje-i-ceska-sporitelna/,"Investiční kolo vedl český fond J&T Ventures, ke kterému se připojil Seed Starter patřící pod Českou spořitelnu",2026-06-12,stated,T3,2026-06-12,day,ok,deal,1,100,https://cc.cz/nakup-it-sluzeb-v-korporacich-je-casto-nefunkcni-hlasi-do-jejich-reseni-investuje-i-ceska-sporitelna/,ffa11a4ba5bb72fc4adbed2f6893cf281af188593ef3347f770137084edcb8ac,2026-10-08T21:15:22+00:00,new
C144,funds,0,"{""name"": ""Reflex 2"", ""known_as"": ""Reflex 2"", ""size"": ""až osmdesát milionů eur"", ""currency"": ""EUR"", ""vintage"": ""2018"", ""status"": ""target"", ""status_date"": ""2018-04-05""}",až osmdesát milionů eur,https://www.e15.cz/byznys/finance-a-bankovnictvi/fryc-otevira-druhy-fond-nabidne-az-osmdesat-milionu-eur-start-upum-1345270,Fryc otevírá druhý fond. Nabídne až osmdesát milionů eur start-upům,2018-04-05,stated,T3,2018-04-05,day,ok,,,100,https://www.e15.cz/byznys/finance-a-bankovnictvi/fryc-otevira-druhy-fond-nabidne-az-osmdesat-milionu-eur-start-upum-1345270,07587dd46e2d60b5b3a163adef0467d99546112b87703870f2e4f5ad699f7c1b,2026-10-09T17:11:33+00:00,target
C144,funds,1,"{""name"": ""Reflex 2"", ""known_as"": ""Reflex 2"", ""size"": ""od 30 do 50 milionů eur"", ""currency"": ""EUR"", ""vintage"": ""2018"", ""status"": ""target"", ""status_date"": ""2018-10-25""}",od 30 do 50 milionů eur,https://cc.cz/2018/10/miliardar-ondrej-fryc-spousti-novy-investicni-fond-do-startupu-chce-vlozit-az-13-miliardy-korun/,"Reflex 2 by měl mít pro investice nejen do startupů nakonec od 30 do 50 milionů eur,",2018-10-25,stated,T3,2018-10-25,day,ok,,,100,https://cc.cz/2018/10/miliardar-ondrej-fryc-spousti-novy-investicni-fond-do-startupu-chce-vlozit-az-13-miliardy-korun/,4e0aa1b5a3fa48188d9d072e7890afc435c5daede89cbcc62bb265cfbdf1bd33,2026-10-08T20:34:15+00:00,target
C144,funds,2,"{""name"": ""Reflex 2"", ""known_as"": ""Reflex 2"", ""size"": ""20 milionů eur"", ""currency"": ""EUR"", ""vintage"": ""2018"", ""status"": ""final_close"", ""status_date"": ""2023-03-09""}",20 milionů eur,https://www.newstream.cz/money/ondrej-fryc-reflex-capital-otevre-dalsi-fond,"Pomalu připravujeme Reflex 3. Bude to malý fond, počítáme s kapitálem 20 milionů eur, jako měl Reflex 2",2023-03-09,stated,T3,2023-03-09,day,ok,,,100,https://www.newstream.cz/money/ondrej-fryc-reflex-capital-otevre-dalsi-fond,4f911692fa34fa1c3d9289c6e6033ad9164469d93060d359743876dbb1f3a684,2026-10-09T17:11:34+00:00,final_close
C144,funds,3,"{""name"": ""Reflex 3"", ""known_as"": ""třetí fond"", ""size"": ""20 milionů eur"", ""currency"": ""EUR"", ""vintage"": ""2023"", ""status"": ""target"", ""status_date"": ""2023-03-09""}",počítáme s kapitálem 20 milionů eur,https://www.newstream.cz/money/ondrej-fryc-reflex-capital-otevre-dalsi-fond,"Pomalu připravujeme Reflex 3. Bude to malý fond, počítáme s kapitálem 20 milionů eur, jako měl Reflex 2",2023-03-09,stated,T3,2023-03-09,day,ok,,,100,https://www.newstream.cz/money/ondrej-fryc-reflex-capital-otevre-dalsi-fond,4f911692fa34fa1c3d9289c6e6033ad9164469d93060d359743876dbb1f3a684,2026-10-09T17:11:34+00:00,target
C144,funds,4,"{""name"": ""Reflex 3"", ""known_as"": ""třetí fond"", ""size"": ""dvaadvacet milionů eur"", ""currency"": ""EUR"", ""vintage"": ""2023"", ""status"": ""final_close"", ""status_date"": ""2023-12-22""}",dvaadvacet milionů eur,https://cc.cz/nova-sila-pro-reflex-capital-ondreje-fryce-ve-tretim-fondu-ma-na-startupy-pres-pul-miliardy/,"Uzavřel svůj třetí fond o velikosti dvaadvacet milionů eur, tedy bezmála 540 milionů korun.",2023-12-22,stated,T3,2023-12-22,day,ok,,,100,https://cc.cz/nova-sila-pro-reflex-capital-ondreje-fryce-ve-tretim-fondu-ma-na-startupy-pres-pul-miliardy/,c93f0f7de71e24a12e305ab6a228a16c3936bdfcbfcc0f1f9fda4c0114517561,2026-10-08T20:34:15+00:00,final_close
C144,investments,0,"{""company"": ""Digitoo"", ""date"": ""2023-12-14"", ""round"": ""seed"", ""amount"": ""€2.3M"", ""verdict"": ""confirmed""}",Digitoo,https://en.ain.ua/2023/12/14/digitoo-raises-2-3m-seed-reflex-capital,Czech startup Digitoo raises €2.3M in a seed round from Reflex Capital,2023-12-14,stated,T3,2023-12-14,day,ok,deal,1,100,https://en.ain.ua/2023/12/14/digitoo-raises-2-3m-seed-reflex-capital/,27c7ea91d575eff4ddcc0cab6509af5f4f3259772c8525fe14d1bc5c2b8eb3a2,2026-10-08T20:56:13+00:00,confirmed
C144,investments,1,"{""company"": ""Leadspicker"", ""date"": ""2020-05-21"", ""round"": ""seed"", ""amount"": ""USD2.2m"", ""verdict"": ""confirmed""}",Leadspicker,https://globalprivatecapital.org/?p=22043,Reflex Capital and J&T Ventures Invest USD2.2m in Czech AI-Enabled Scouting Startup Leadspicker,2020-05-21,stated,T3,2020-05-21,day,ok,deal,1,100,https://www.globalprivatecapital.org/newsroom/reflex-capital-and-jt-ventures-invest-usd2-2m-in-czech-ai-enabled-scouting-startup-leadspicker/,e01d06e790c46a096d821941e007863630239d1e29d1b811bad47652d248f3d1,2026-10-08T20:34:13+00:00,confirmed
C144,investments,2,"{""company"": ""TopMonks"", ""date"": ""2017-09-05"", ""round"": null, ""amount"": ""35 milionů Kč"", ""verdict"": ""confirmed""}",TopMonks,https://cc.cz/ceske-startupove-studio-topmonks-ziskava-investici-35-milionu-kc-od-ondreje-fryce/,České startupové studio TopMonks získává investici 35 milionů Kč od Reflex Capital Ondřeje Fryce,2017-09-05,stated,T3,2017-09-05,day,ok,deal,1,100,https://cc.cz/ceske-startupove-studio-topmonks-ziskava-investici-35-milionu-kc-od-ondreje-fryce/,ba5ed1f465746bf5400cb57c64731de39a37daae84ffd963e337c3a8c5d677bf,2026-10-08T20:34:13+00:00,confirmed
C144,investments,100,"{""company"": ""Merchantee"", ""date"": ""2026-06-09"", ""round"": ""seed extension"", ""amount"": ""třicet milionů korun"", ""verdict"": ""new""}",Reflex Capital,https://cc.cz/resi-jeden-z-nejvetsich-problemu-evropskych-e-shopu-kvituje-investor-cesi-ziskali-dalsi-desitky-milionu/,Kolo vedl fond Reflex Capital za účasti Czech Founders VC a Lighthouse Ventures.,2026-06-09,stated,T3,2026-06-09,day,ok,deal,1,100,https://cc.cz/resi-jeden-z-nejvetsich-problemu-evropskych-e-shopu-kvituje-investor-cesi-ziskali-dalsi-desitky-milionu/,9089ce184c97f491df63e729861046bce4755f043206d99c6f234eac9a440274,2026-10-09T17:11:35+00:00,new
C144,investments,101,"{""company"": ""FaceUp"", ""date"": ""2026-05-19"", ""round"": ""Series A"", ""amount"": ""pět milionů dolarů"", ""verdict"": ""new""}",Reflex Capital,https://cc.cz/byl-to-studentsky-projekt-ted-uz-ma-hodnotu-pres-pul-miliardy-nabidky-na-odkup-odmitame-hlasi-cesi/,"Do investice se pak zapojili i stávající investoři Jiří Hlavenka, Tilia Impact Ventures a Reflex Capital",2026-05-19,stated,T3,2026-05-19,day,ok,deal,1,100,https://cc.cz/byl-to-studentsky-projekt-ted-uz-ma-hodnotu-pres-pul-miliardy-nabidky-na-odkup-odmitame-hlasi-cesi/,89b100ab4960b35a361e37a29a32b364e4bdbbe03658807622c5861a238ad847,2026-10-09T17:11:36+00:00,new
C145,funds,0,"{""name"": ""Fund II"", ""known_as"": ""Fund II"", ""size"": ""€30 million"", ""currency"": ""EUR"", ""vintage"": ""2022"", ""status"": ""final_close"", ""status_date"": ""2022-06-24""}",€30 million,https://www.privateequitywire.co.uk/presto-ventures-closes-eu30m-fund-ii-invest-central-eastern-european-b2b-startups/,has announced the final close of its €30 million Fund II.,2022-06-24,stated,T3,2022-06-24,day,ok,,,100,https://www.privateequitywire.co.uk/presto-ventures-closes-eu30m-fund-ii-invest-central-eastern-european-b2b-startups/,94770571014618063214d53d0dda55c2bd96f53f9a5c2181db9e85461a915883,2026-10-09T17:11:37+00:00,final_close
C145,funds,1,"{""name"": ""Presto Tech Horizons"", ""known_as"": ""Presto Tech Horizons"", ""size"": ""€150 million"", ""currency"": ""EUR"", ""vintage"": ""2024"", ""status"": ""target"", ""status_date"": null}",€150 million,https://csg.com/en/news/presto-tech-horizons,With a target size of €150 million,,stated,T3,,,ok,,,100,https://csg.com/en/news/presto-tech-horizons,0f996964546c35ad493e7bf6a94f0c646b9d7abce8076baba37ecace8b854e22,2026-10-09T17:11:37+00:00,target
C145,funds,2,"{""name"": ""Presto III"", ""known_as"": null, ""size"": ""EUR 100m"", ""currency"": ""EUR"", ""vintage"": null, ""status"": ""target"", ""status_date"": ""2023-01-23""}",EUR 100m,https://www.unquote.com/cee/news/3028533/presto-ventures-targets-eur-100m-for-new-early-stage-fund,targeting EUR 100m on the way,2023-01-23,stated,T3,2023-01-23,day,ok,,,100,https://www.unquote.com/cee/news/3028533/presto-ventures-targets-eur-100m-for-new-early-stage-fund,68d83be7bc19bce57496f4d0971f02616f0a46ceff3fae774dd168347aa1ee44,2026-10-09T17:11:38+00:00,target
C145,investments,0,"{""company"": ""Tur.ai"", ""date"": ""2024-10-23"", ""round"": ""seed"", ""amount"": null, ""verdict"": ""confirmed""}",Tur.ai,https://en.ain.ua/2024/10/23/presto-tech-horizons-invests-in-bavovna-vidar-turai,"Presto Tech Horizons expands its portfolio with 3 new startups: Bavovna, Vidar Systems, and Tur.ai",2024-10-23,stated,T3,2024-10-23,day,ok,deal,1,100,https://en.ain.ua/2024/10/23/presto-tech-horizons-invests-in-bavovna-vidar-turai/,d4cb6214df531ec35be6c2013e16d915effd0a6c4fe59909cb52079a63d36a0b,2026-10-09T17:11:38+00:00,confirmed
C145,investments,1,"{""company"": ""GoRamp"", ""date"": ""2023-07-21"", ""round"": ""late seed"", ""amount"": null, ""verdict"": ""corrected""}",GoRamp,https://cc.cz/sluzby-pro-logistiku-z-litvy-se-siri-po-evrope-pomahaji-jim-v-tom-i-ceske-penize/,GoRamp během své existence hlásí investice každý rok a opakovaně mu přispělo i české Presto Ventures.,2023-07-21,stated,T3,2023-07-21,day,ok,deal,1,100,https://cc.cz/sluzby-pro-logistiku-z-litvy-se-siri-po-evrope-pomahaji-jim-v-tom-i-ceske-penize/,944d789f8968a0fa2df1701c286e59f430fe5752b7d2575b463d971bab9ba09e,2026-10-09T17:11:40+00:00,corrected
C145,investments,100,"{""company"": ""DiffuseDrive"", ""date"": ""2025-05-14"", ""round"": ""seed"", ""amount"": ""3.5 million"", ""verdict"": ""new""}",DiffuseDrive,https://www.silicon.co.uk/press-release/from-scarcity-to-scale-diffusedrive-closes-3-5m-to-define-physical-ai-for-automotive-aerospace-defense-and-robotics,"DiffuseDrive founders Balint Pasztor (Right) and Roland Pinter (Left), vision AI experts, have raised an additional 3.5 million from Outlander and Presto Tech Horizons venture groups",2025-05-14,stated,T3,2025-05-14,day,ok,deal,1,100,https://www.silicon.co.uk/press-release/from-scarcity-to-scale-diffusedrive-closes-3-5m-to-define-physical-ai-for-automotive-aerospace-defense-and-robotics,e8f34a396c57fbb13528f7bb7d60dbbfc68d682c44da90885dbba6164373f33e,2026-10-09T17:11:41+00:00,new
C145,investments,101,"{""company"": ""Bavovna"", ""date"": ""2024-10-23"", ""round"": null, ""amount"": null, ""verdict"": ""new""}",Bavovna,https://en.ain.ua/2024/10/23/presto-tech-horizons-invests-in-bavovna-vidar-turai,"Presto Tech Horizons expands its portfolio with 3 new startups: Bavovna, Vidar Systems, and Tur.ai",2024-10-23,stated,T3,2024-10-23,day,ok,deal,1,100,https://en.ain.ua/2024/10/23/presto-tech-horizons-invests-in-bavovna-vidar-turai/,d4cb6214df531ec35be6c2013e16d915effd0a6c4fe59909cb52079a63d36a0b,2026-10-09T17:11:38+00:00,new
C146,funds,0,"{""name"": ""Purple Ventures 1"", ""known_as"": null, ""size"": ""15 milionů eur (380 milionů korun)"", ""currency"": ""EUR"", ""vintage"": ""2018"", ""status"": ""final_close"", ""status_date"": ""2024-03-26""}",15 milionů eur,https://cc.cz/brnensti-purple-ventures-spousti-druhy-fond-do-startupu-chteji-proinvestovat-pres-miliardu-korun/,od roku 2018 rozběhli také vlastní venture kapitálový fond Purple Ventures o velikosti 15 milionů eur (380 milionů korun).,2024-03-26,stated,T3,2024-03-26,day,ok,,,100,https://cc.cz/brnensti-purple-ventures-spousti-druhy-fond-do-startupu-chteji-proinvestovat-pres-miliardu-korun/,f04402bdc06c7c58c419ced7cea7db30d65a221b69933b925f8a3ddcaeb72b6e,2026-10-09T17:11:41+00:00,final_close
C146,funds,1,"{""name"": ""Purple Ventures 2"", ""known_as"": ""Purple Ventures 2"", ""size"": ""čtyřicet milionů eur"", ""currency"": ""EUR"", ""vintage"": ""2024"", ""status"": ""target"", ""status_date"": ""2024-03-26""}",čtyřicet milionů eur,https://cc.cz/brnensti-purple-ventures-spousti-druhy-fond-do-startupu-chteji-proinvestovat-pres-miliardu-korun/,si klade za cíl proinvestovat čtyřicet milionů eur,2024-03-26,stated,T3,2024-03-26,day,ok,,,100,https://cc.cz/brnensti-purple-ventures-spousti-druhy-fond-do-startupu-chteji-proinvestovat-pres-miliardu-korun/,f04402bdc06c7c58c419ced7cea7db30d65a221b69933b925f8a3ddcaeb72b6e,2026-10-09T17:11:41+00:00,target
C146,funds,2,"{""name"": ""Purple Ventures 2"", ""known_as"": ""Purple Ventures 2"", ""size"": ""27 milionů euro"", ""currency"": ""EUR"", ""vintage"": ""2024"", ""status"": ""first_close"", ""status_date"": ""2025-08-17""}",27 milionů euro,https://www.e15.cz/byznys/roste-nam-novy-dolarovy-jednorozec-s-ceskym-zakladatelem-hlasi-partner-fondu-purple-ventures-1426676,Pod smlouvami je podepsáno celkem 27 milionů euro z cílových čtyřiceti,2025-08-17,stated,T3,2025-08-17,day,ok,,,100,https://www.e15.cz/byznys/roste-nam-novy-dolarovy-jednorozec-s-ceskym-zakladatelem-hlasi-partner-fondu-purple-ventures-1426676,8c21fee22443145bba50e412665bda388f98da8d6a8f9158509e5bf6a32a20ca,2026-10-08T20:33:49+00:00,first_close
C146,funds,3,"{""name"": ""Purple Ventures 2"", ""known_as"": ""Purple Ventures 2"", ""size"": ""přes 780 milionů (Kč)"", ""currency"": ""CZK"", ""vintage"": ""2024"", ""status"": ""first_close"", ""status_date"": ""2026-03-11""}",přes 780 milionů,https://www.lupa.cz/clanky/jan-stanek-purple-ventures-ai-nektere-firmy-zabiji-tretina-startupu-do-nichz-sly-nedavno-penize-uz-nemusi-davat-smysl/,"V tu dobu bude uzavírat fond, ve kterém má už teď přes 780 milionů.",2026-03-11,stated,T3,2026-03-11,day,ok,,,100,https://www.lupa.cz/clanky/jan-stanek-purple-ventures-ai-nektere-firmy-zabiji-tretina-startupu-do-nichz-sly-nedavno-penize-uz-nemusi-davat-smysl/,a90c86033ca56203d043ab2baaa7a815f648e064f2ef876ab19ab6a2152777d8,2026-10-09T17:11:42+00:00,first_close
C146,investments,0,"{""company"": ""Delta Green"", ""date"": ""2025-10-15"", ""round"": ""seed follow-on"", ""amount"": ""dva miliony eur"", ""verdict"": ""corrected""}",Delta Green,https://cc.cz/z-prahy-propojuji-evropske-domacnosti-a-tvori-z-nich-obri-elektrarnu-jejich-cena-je-ve-stamilionech/,"Pražský energetický startup Delta Green získal dva miliony eur, tedy 50 milionů korun, od investorů z Credo Ventures, Tilia Impact Ventures a Purple Ventures.",2025-10-15,stated,T3,2025-10-15,day,ok,deal,1,100,https://cc.cz/z-prahy-propojuji-evropske-domacnosti-a-tvori-z-nich-obri-elektrarnu-jejich-cena-je-ve-stamilionech/,9d2b0809fb9590fb13ffa311798f0ceb633d296dd39ac35095d99c2f7e114e3d,2026-10-09T17:11:43+00:00,corrected
C146,investments,1,"{""company"": ""iVent Pro"", ""date"": ""2024-06-27"", ""round"": null, ""amount"": null, ""verdict"": ""corrected""}",iVent Pro,https://cc.cz/brnensti-purple-ventures-rozbihaji-druhy-fond-trem-startupum-poslali-desitky-milionu-korun/,Nejnovější investice Purple Ventures putuje do startupu iVent Pro,2024-06-27,stated,T3,2024-06-27,day,ok,deal,1,100,https://cc.cz/brnensti-purple-ventures-rozbihaji-druhy-fond-trem-startupum-poslali-desitky-milionu-korun/,237d56ade10ecc757509a02063b3def8842304fc68d31bc4d52def26af8507ca,2026-10-08T20:33:49+00:00,corrected
C146,investments,100,"{""company"": ""ArtMaster"", ""date"": ""2026-04-29"", ""round"": null, ""amount"": null, ""verdict"": ""new""}",ArtMaster,https://gi21capital.com/blog-posts/investing-in-artmaster-music-education,"to support ArtMaster in their latest funding round, alongside Purple Ventures.",2026-04-29,stated,T3,2026-04-29,day,ok,deal,1,100,https://www.gi21capital.com/blog-posts/investing-in-artmaster-music-education,61709758dc73cdefbce94dd63112ce3512bdbcd283e297813dd94013705476c8,2026-10-09T17:11:44+00:00,new
C151,investments,0,"{""company"": ""Hermetiq"", ""date"": ""2026-08-27"", ""round"": ""seed"", ""amount"": ""$2.2M"", ""verdict"": ""confirmed""}",Hermetiq,https://gi21capital.com/blog-posts/why-we-invested-in-hermetiq,Gi21 Capital has invested in Hermetiq,2026-08-27,stated,T2,2026-08-27,day,ok,deal,1,100,https://www.gi21capital.com/blog-posts/why-we-invested-in-hermetiq,9cdc10a32bda56aef4d3f21c5950c7f701b8dcb383eb92fc511304435cbe06c9,2026-10-09T17:11:44+00:00,confirmed
C151,investments,1,"{""company"": ""FaceUp"", ""date"": ""2026-05-21"", ""round"": ""Series A"", ""amount"": ""$5M"", ""verdict"": ""confirmed""}",FaceUp,https://gi21capital.com/blog-posts/why-we-invested-in-faceup-bringing-safety-and-integrity-to-global-workplaces,we are absolutely thrilled to announce our participation as a new investor in FaceUp,2026-05-21,stated,T2,2026-05-21,day,ok,deal,1,100,https://www.gi21capital.com/blog-posts/why-we-invested-in-faceup-bringing-safety-and-integrity-to-global-workplaces,f56aa5b1070034f4dfcda0db4a49a81774a4d1d5532674271ef5d971f8091975,2026-10-09T17:11:45+00:00,confirmed
C151,investments,2,"{""company"": ""Zerops"", ""date"": ""2026-05-15"", ""round"": ""seed"", ""amount"": ""$2 million"", ""verdict"": ""confirmed""}",Zerops,https://founders-daily-briefing.beehiiv.com/p/zerops-raises-2m,Prague-based cloud platform Zerops has raised a $2 million seed round led by Gi21 Capital,2026-05-15,stated,T3,2026-05-15,day,ok,deal,1,100,https://founders-daily-briefing.beehiiv.com/p/zerops-raises-2m,56bd4ace6467770e41b3c577b0622e2878521ea8c81ea9b4520ad0067f71d7f6,2026-10-09T17:11:46+00:00,confirmed
C151,investments,3,"{""company"": ""ArtMaster"", ""date"": ""2026-04-29"", ""round"": null, ""amount"": null, ""verdict"": ""confirmed""}",ArtMaster,https://gi21capital.com/blog-posts/investing-in-artmaster-music-education,"to support ArtMaster in their latest funding round, alongside Purple Ventures.",2026-04-29,stated,T2,2026-04-29,day,ok,deal,1,100,https://www.gi21capital.com/blog-posts/investing-in-artmaster-music-education,61709758dc73cdefbce94dd63112ce3512bdbcd283e297813dd94013705476c8,2026-10-09T17:11:44+00:00,confirmed
C184,investments,0,"{""company"": ""Aim"", ""date"": ""2025-07-15"", ""round"": ""pre-seed"", ""amount"": ""300.000 Euro"", ""verdict"": ""corrected""}",Aim,https://www.startbase.de/news/aim-erhaelt-300-000-e-pre-seed/,Das tschechische AI-Startup Aim hat sich ein Pre-Seed-Investment in Höhe von 300.000 Euro durch den Frühphasen-Investor Miton gesichert.,2025-07-15,stated,T4,2025-07-15,day,forbidden_source,,,,,,,corrected
C184,investments,1,"{""company"": ""Bandits"", ""date"": ""2025-11-20"", ""round"": null, ""amount"": ""400 tisíc eur"", ""verdict"": ""corrected""}",Bandits,https://www.lupa.cz/aktuality/aby-se-lepe-jelo-na-vlne-umele-inteligence-miton-investuje-do-startupu-ktery-ji-chce-firmam-zefektivnit/,"Miton posílá 400 tisíc eur (necelých 9,7 milionu Kč) do startupu Bandits",2025-11-20,stated,T3,2025-11-20,day,ok,mention,1,100,https://www.lupa.cz/aktuality/aby-se-lepe-jelo-na-vlne-umele-inteligence-miton-investuje-do-startupu-ktery-ji-chce-firmam-zefektivnit/,9dfc3ac9afae931d5fe0adf2c80e9a6db30ffa6d9bc49056a5b93140f8a82b5d,2026-10-09T17:11:47+00:00,corrected
C184,investments,2,"{""company"": ""PangeAI"", ""date"": ""2026-01-07"", ""round"": ""pre-seed"", ""amount"": ""$1M"", ""verdict"": ""corrected""}",we led its pre-seed round,https://www.miton.cz/en/blog/what-happened-fall-winter-2025/,"In the Czech Republic, the company received an investment from us as well, as we led its pre-seed round.",2026-01-07,stated,T2,2026-01-07,day,ok,deal,1,100,https://www.miton.cz/en/blog/what-happened-fall-winter-2025/,8a3b41ea87ed87ead9501f0570052892a6b93ef213571618d8cbd9322998e086,2026-10-08T21:13:52+00:00,corrected
C184,investments,3,"{""company"": ""POS Experts"", ""date"": ""2024-11-18"", ""round"": ""minority stake"", ""amount"": null, ""verdict"": ""confirmed""}",POS Experts,https://cc.cz/live/miton-posiluje-svuj-tym-zamereny-na-gastronomii-hlasi-i-nove-investice/,A přidal investici do menšinového podílu v POS Experts.,2024-11-18,stated,T3,2024-11-18,day,ok,deal,1,100,https://cc.cz/live/miton-posiluje-svuj-tym-zamereny-na-gastronomii-hlasi-i-nove-investice/,7984a5df22b3c1e4ec3a136e2fde72a6e8cfd995c1d8c13ca626ce1370accd94,2026-10-08T21:13:53+00:00,confirmed
C184,investments,4,"{""company"": ""GTE"", ""date"": ""2025-01-23"", ""round"": ""seed"", ""amount"": null, ""verdict"": ""corrected""}",@GTE_XYZ,https://www.miton.cz/en/blog/2024-at-mitonc-six-new-investments-and-filip-siroky-as-general-partner/,We at @MitonC_ are hyped to back @GTE_XYZ,2025-01-23,stated,T2,2025-01-23,day,ok,deal,1,100,https://www.miton.cz/en/blog/2024-at-mitonc-six-new-investments-and-filip-siroky-as-general-partner/,8e92ea097e5b4aed817961b9c65679144c13406bd50f2b54269804157b175d69,2026-10-09T17:11:48+00:00,corrected
C184,investments,5,"{""company"": ""Firefish"", ""date"": ""2025-04-16"", ""round"": ""seed"", ""amount"": ""1,8 milionu dolarů"", ""verdict"": ""corrected""}",MitonC,https://cc.cz/funguje-jako-zonky-kryte-bitcoiny-v-uschove-jich-ma-mit-za-dve-miliardy-cesky-startup-nabira-dalsi-miliony/,"Vedoucím investorem je česká společnost pro těžbu kryptoměn Braiins, přidal se také investiční fond MitonC",2025-04-16,stated,T3,2025-04-16,day,ok,deal,0,100,https://cc.cz/funguje-jako-zonky-kryte-bitcoiny-v-uschove-jich-ma-mit-za-dve-miliardy-cesky-startup-nabira-dalsi-miliony/,b3c8bcdc707f0867d6662fb092fc51ed4a3547144bb82955e2c9154aa68a1bbb,2026-10-09T17:11:48+00:00,corrected
C184,investments,100,"{""company"": ""DeepScout"", ""date"": ""2025-03-10"", ""round"": null, ""amount"": ""€200,000"", ""verdict"": ""new""}",DeepScout,https://en.ain.ua/2025/03/10/deepscout-secures-eur200k,"DeepScout, a Czech AI startup, has secured €200,000 in fresh funding led by the startup studio Miton.",2025-03-10,stated,T3,2025-03-10,day,ok,deal,1,100,https://en.ain.ua/2025/03/10/deepscout-secures-eur200k/,5645173f3929bb6e9bd4a0025b9462f3beb7965e060eb1db59f7705a55e808d6,2026-10-09T17:11:49+00:00,new
C186,funds,0,"{""name"": ""Look AI Ventures fund (LAIV)"", ""known_as"": ""Look AI Ventures fund (LAIV)"", ""size"": ""€20 million"", ""currency"": ""EUR"", ""vintage"": ""2022"", ""status"": ""target"", ""status_date"": ""2023-04-13""}",€20 million,https://tech.eu/2023/04/13/czech-republic-has-a-new-investment-fund-for-ai-start-ups,It aims to raise €20 million which will be invested in early stage AI-driven companies.,2023-04-13,stated,T3,2023-04-13,day,ok,,,100,https://tech.eu/2023/04/13/czech-republic-has-a-new-investment-fund-for-ai-start-ups,0960d1ca175cd818ab703c2a8b01fd230f62cfc3a6fd15edc861349397851a8d,2026-10-08T21:13:56+00:00,target
C186,investments,0,"{""company"": ""Sodex Innovations"", ""date"": ""2026-07-13"", ""round"": null, ""amount"": ""€4M"", ""verdict"": ""confirmed""}",Sodex Innovations,https://lookai.vc,Look AI Ventures Invests in Sodex Innovations,2026-07-23,stated,T2,2026-07-13,day,ok,deal,1,100,https://lookai.vc,bbac92bd2e69f447069e35eab837c2a10a90f58bb3c2387ecf836d45dd7ba7da,2026-10-08T21:13:54+00:00,confirmed
C186,investments,1,"{""company"": ""Lucida AI"", ""date"": ""2026-06-30"", ""round"": ""seed (extension)"", ""amount"": null, ""verdict"": ""confirmed""}",Look AI Ventures,https://tech.eu/2026/06/30/lucida-ai-closes-7m-seed-round-for-speech-to-speech-ai/,"The seed round was led by UK-based Velocity Capital, with participation from Next Tier Ventures, Look AI Ventures",2026-06-30,stated,T3,2026-06-30,day,ok,deal,1,100,https://tech.eu/2026/06/30/lucida-ai-closes-7m-seed-round-for-speech-to-speech-ai/,5ebe0118967a6b17e6643fd7ef72d832c43a20b30ed424cfc41b2de3988e8f01,2026-10-08T21:13:54+00:00,confirmed
C186,investments,100,"{""company"": ""Embodied AI"", ""date"": ""2026-09-16"", ""round"": ""first financing round (led by Faber VC)"", ""amount"": null, ""verdict"": ""new""}",Embodied AI,https://lookai.vc,Look AI Ventures Backs Embodied AI,2026-09-22,stated,T2,2026-09-16,day,ok,deal,1,100,https://lookai.vc,bbac92bd2e69f447069e35eab837c2a10a90f58bb3c2387ecf836d45dd7ba7da,2026-10-08T21:13:54+00:00,new
C195,funds,0,"{""name"": ""ZAKA VC Fund I"", ""known_as"": ""ZAKA VC Fund I"", ""size"": ""€10.5 million"", ""currency"": ""EUR"", ""vintage"": ""2024"", ""status"": ""first_close"", ""status_date"": ""2024-07""}",€10.5 million first closing,https://en.ain.ua/2024/07/19/czech-zaka-launches-its-first-fund-of-15m,ZAKA VC Fund I sized €15 million is now starting with a €10.5 million first closing in July 2024.,2024-07-19,stated,T3,2024-07-19,day,ok,,,99,https://en.ain.ua/2024/07/19/czech-zaka-launches-its-first-fund-of-15m/,929c2cc7f5b7a7d8d764308880842a65d1ce5991aa07a135ce64039fd3b654f6,2026-10-09T05:09:31+00:00,first_close
C195,funds,1,"{""name"": ""ZAKA VC Fund I"", ""known_as"": ""ZAKA VC Fund I"", ""size"": ""15 milionů eur"", ""currency"": ""EUR"", ""vintage"": ""2024"", ""status"": ""target"", ""status_date"": ""2024-07-22""}",15 milionů eur,https://cc.cz/zaka-vc-se-meni-z-rodinneho-na-klasicky-startupovy-fond-ma-stovky-milionu-korun/,cílí na celkovou částku 15 milionů eur (přibližně 380 milionů korun),2024-07-22,stated,T3,2024-07-22,day,ok,,,100,https://cc.cz/zaka-vc-se-meni-z-rodinneho-na-klasicky-startupovy-fond-ma-stovky-milionu-korun/,6d5e19ae08c7b30534d6f15ab25d5bea6d7ac71bb76eec3e4d5e0903638151fa,2026-10-09T11:31:40+00:00,target
C195,funds,2,"{""name"": ""ZAKA VC Fund I"", ""known_as"": ""ZAKA VC Fund I"", ""size"": ""17M"", ""currency"": null, ""vintage"": ""2024"", ""status"": ""first_close"", ""status_date"": null}",17M,https://zaka.vc,Fund 1 17M 8M invested 46,,stated,T2,,,ok,,,100,https://zaka.vc,d19f11d200c522a634c993f4b8f473109f8a2ad0a87818f6ad17ee4c0cfa3a98,2026-10-09T05:09:31+00:00,first_close
C195,investments,0,"{""company"": ""DeepSeq.AI"", ""date"": ""2026-01-07"", ""round"": null, ""amount"": null, ""verdict"": ""confirmed""}",DeepSeq,https://www.einpresswire.com/article/879998435/zaka-vc-invests-in-deepseq-ai-to-transform-ai-based-protein-drug-discovery,We are pleased to welcome DeepSeq to the Zaka VC portfolio,2026-01-07,stated,T3,2026-01-07,day,ok,deal,1,100,https://www.einpresswire.com/article/879998435/zaka-vc-invests-in-deepseq-ai-to-transform-ai-based-protein-drug-discovery,13c0d2dacc4b71c06b8b7817e113e2936bbe7792d887eab3792c56652f17c0fa,2026-10-09T05:09:29+00:00,confirmed
C195,investments,100,"{""company"": ""ParcelBio"", ""date"": ""2026-05-07"", ""round"": ""seed"", ""amount"": ""$13 million"", ""verdict"": ""new""}",ZAKA VC,https://pulse2.com/parcelbio-13-million-seed-financing-raised-to-advance-next-generation-mrna-medicines/,"with participation from General Catalyst, Y Combinator, Metaplanet, SurgePoint Capital, ZAKA VC, and additional investors.",2026-05-07,stated,T3,2026-05-07,day,ok,deal,1,100,https://pulse2.com/parcelbio-13-million-seed-financing-raised-to-advance-next-generation-mrna-medicines/,e2c18706c16ae963db97b81077ac549c0145944235a33879e5db17174307aee4,2026-10-09T11:31:40+00:00,new
C197,funds,0,"{""name"": ""Rockaway Ventures II"", ""known_as"": ""Rockaway Ventures II"", ""size"": ""nearly €55 million"", ""currency"": ""EUR"", ""vintage"": ""2025"", ""status"": ""final_close"", ""status_date"": ""2025-05-16""}",nearly €55 million,https://tech.eu/2025/05/16/rockaway-ventures-closes-55m-fund-to-back-transformative-tech-in-cee-and-beyond/,"has closed its second fund, Rockaway Ventures II, at nearly €55 million.",2025-05-16,stated,T3,2025-05-16,day,ok,,,100,https://tech.eu/2025/05/16/rockaway-ventures-closes-55m-fund-to-back-transformative-tech-in-cee-and-beyond/,34d91e2cd244255ec981289e91054bf4b98869c25483951bf1e9cd4c8cc2265f,2026-10-09T05:09:21+00:00,final_close
C197,funds,1,"{""name"": ""Rockaway Ventures Fund"", ""known_as"": ""Rockaway Ventures Fund"", ""size"": ""100 milionů eur"", ""currency"": ""EUR"", ""vintage"": ""2021"", ""status"": ""target"", ""status_date"": ""2021-09-23""}",100 milionů eur,https://cc.cz/jakub-havrlant-prichazi-s-novym-investicnim-fondem-rockaway-s-nim-chce-do-startupu-poslat-25-miliardy-korun/,Rockaway Ventures Fund má cílovou velikost 100 milionů eur,2021-09-23,stated,T3,2021-09-23,day,ok,,,100,https://cc.cz/jakub-havrlant-prichazi-s-novym-investicnim-fondem-rockaway-s-nim-chce-do-startupu-poslat-25-miliardy-korun/,a7e373c56b9fd53dc8d0f19b467fb0785e944dbe80e3d6efd93ba5b6bd731e1c,2026-10-09T05:09:22+00:00,target
C197,funds,2,"{""name"": ""Rockaway Ventures Fund"", ""known_as"": ""Rockaway Ventures Fund"", ""size"": ""EUR 40m"", ""currency"": ""EUR"", ""vintage"": ""2021"", ""status"": ""first_close"", ""status_date"": ""2022-11""}",EUR 40m,https://www.unquote.com/cee/news/3028705/rockaway-plans-third-closing-for-rockaway-ventures-fund-this-autumn,"The fund held a second close on EUR 40m last November, he said.",2023-02-17,stated,T3,2023-02-17,day,ok,,,100,https://www.unquote.com/cee/news/3028705/rockaway-plans-third-closing-for-rockaway-ventures-fund-this-autumn,4a9335226c81d56a1fa8c2a0c88ddc549a902b0c0c32bbbbda0b88471a38bd53,2026-10-09T11:31:41+00:00,first_close
C197,investments,0,"{""company"": ""Apptronik"", ""date"": ""2026-02-13"", ""round"": ""Series A extension"", ""amount"": ""520 milionů dolarů"", ""verdict"": ""confirmed""}",Apptronik,https://www.lupa.cz/aktuality/cesti-investori-z-rockaway-investovali-do-americkych-humanoidu-a-to-po-boku-googlu-nebo-mercedes-benz/,Čeští investoři z Rockaway Ventures finančně vstoupili do americké společnosti Apptronik,2026-02-13,stated,T3,2026-02-13,day,ok,deal,1,100,https://www.lupa.cz/aktuality/cesti-investori-z-rockaway-investovali-do-americkych-humanoidu-a-to-po-boku-googlu-nebo-mercedes-benz/,d50e50c4c608995ddf627139c120d4447b2a755b3a8de553fe9d50bca1bc4919,2026-10-09T05:09:20+00:00,confirmed
C197,investments,1,"{""company"": ""Apaleo"", ""date"": ""2024-11-20"", ""round"": ""Series B"", ""amount"": ""€20 million"", ""verdict"": ""corrected""}",Rockaway Ventures,https://servicedapartmentnews.com/news/technology/apaleo-series-b-funding-round/,"with participation from existing investors Redalpine, FOMCAP IV and Rockaway Ventures",2024-11-20,stated,T3,2024-11-20,day,ok,mention,1,100,https://servicedapartmentnews.com/news/technology/apaleo-series-b-funding-round/,3a09e7d1025d4e603934cc273730d54d90e968b8388718475e65d8a7aa0c0c70,2026-10-09T11:31:41+00:00,corrected
C197,investments,2,"{""company"": ""Gjirafa"", ""date"": ""2019-03-25"", ""round"": ""Series B"", ""amount"": ""$6.7M"", ""verdict"": ""corrected""}",Gjirafa raises a $6.7M Series B from Rockaway Capital,https://techcrunch.com/2019/03/25/gjirafa-raises-a-6-7m-series-b-from-rockaway-capital-to-digitise-the-balkans,Gjirafa raises a $6.7M Series B from Rockaway Capital to digitise the Balkans,2019-03-25,stated,T3,2019-03-25,day,ok,deal,1,100,https://techcrunch.com/2019/03/25/gjirafa-raises-a-6-7m-series-b-from-rockaway-capital-to-digitise-the-balkans/,44cb4a6ae44462a4724f09f66b047f18c923192d5556eddcf5826cc086b99cf0,2026-10-09T11:31:42+00:00,corrected
C197,investments,3,"{""company"": ""Vivere"", ""date"": ""2021-09-23"", ""round"": null, ""amount"": null, ""verdict"": ""confirmed""}",Vivere,https://cc.cz/jakub-havrlant-prichazi-s-novym-investicnim-fondem-rockaway-s-nim-chce-do-startupu-poslat-25-miliardy-korun/,Vstupem do firem Lingvist a Vivere zahajujeme investování nového fondu Rockaway Ventures,2021-09-23,stated,T3,2021-09-23,day,ok,deal,1,100,https://cc.cz/jakub-havrlant-prichazi-s-novym-investicnim-fondem-rockaway-s-nim-chce-do-startupu-poslat-25-miliardy-korun/,a7e373c56b9fd53dc8d0f19b467fb0785e944dbe80e3d6efd93ba5b6bd731e1c,2026-10-09T05:09:22+00:00,confirmed
C197,investments,4,"{""company"": ""Productboard"", ""date"": ""2019-02-04"", ""round"": ""Series A (supplementary round)"", ""amount"": ""10 milionů dolarů"", ""verdict"": ""corrected""}",Rockaway Capital,https://cc.cz/cesky-startup-productboard-vybral-dalsich-10-milionu-dolaru-mezi-investory-jsou-i-credo-a-reflex-capital/,"všichni současní investoři včetně Index Ventures a českých Credo Ventures, Reflex Capital a Rockaway Capital přidali dalších 10 milionů dolarů",2019-02-04,stated,T3,2019-02-04,day,ok,deal,1,100,https://cc.cz/cesky-startup-productboard-vybral-dalsich-10-milionu-dolaru-mezi-investory-jsou-i-credo-a-reflex-capital/,493c4b6c6d295382a92b32f4ae12569d343ad3bec965ba96c3f941603538aa0c,2026-10-09T11:31:42+00:00,corrected
C197,investments,5,"{""company"": ""Brand Embassy"", ""date"": ""2014-02-19"", ""round"": ""seed"", ""amount"": ""téměř jednoho milionu dolarů"", ""verdict"": ""corrected""}",Rockaway Capital Jakuba Havrlanta,https://www.lupa.cz/clanky/brand-embassy-ziskala-milion-dolaru-startupyard-a-nydrle-firmu-opousteji/,Rockaway Capital Jakuba Havrlanta a Spread Capital,2014-02-19,stated,T3,2014-02-19,day,ok,deal,1,100,https://www.lupa.cz/clanky/brand-embassy-ziskala-milion-dolaru-startupyard-a-nydrle-firmu-opousteji/,483f8466470e9ac3d5adcde2dc7acb4f99489fa977de932d152278d19cb02956,2026-10-09T11:31:43+00:00,corrected
C197,investments,100,"{""company"": ""Float"", ""date"": ""2026-03-01"", ""round"": ""seed"", ""amount"": null, ""verdict"": ""new""}",Rockaway Ventures,https://nordic9.com/news/float-secured-investment-from-rockaway-ventures-and-eifo/,Float secured seed investment from Rockaway Ventures and EIFO,2026-03-01,stated,T3,2026-03-01,day,ok,deal,1,100,https://nordic9.com/news/float-secured-investment-from-rockaway-ventures-and-eifo/,c6b6c81089f7a31ae2f64e5be6db904ef0a251053a084717bbb0f37885ece97f,2026-10-09T11:31:43+00:00,new
C198,funds,0,"{""name"": ""Czech Founders VC"", ""known_as"": ""Czech Founders VC"", ""size"": ""deset milionů eur"", ""currency"": ""EUR"", ""vintage"": ""2022"", ""status"": ""final_close"", ""status_date"": ""2022-09-07""}",deset milionů eur,https://cc.cz/uspesni-cesti-startupiste-budou-pomahat-novym-nadejim-vybrali-na-to-mezi-sebou-ctvrt-miliardy/,rozhodli se nakonec cílovou částku zdvojnásobit na deset milionů eur. A tu dovybrali před měsícem.,2022-09-07,stated,T3,2022-09-07,day,ok,,,100,https://cc.cz/uspesni-cesti-startupiste-budou-pomahat-novym-nadejim-vybrali-na-to-mezi-sebou-ctvrt-miliardy/,bac36268438061422f76217ef9f274af012e84a7f736eff5766e95f096b3354a,2026-10-09T05:09:00+00:00,final_close
C198,investments,0,"{""company"": ""Maxfusion"", ""date"": ""2026-01-14"", ""round"": null, ""amount"": ""350 tisíc eur"", ""verdict"": ""confirmed""}",Maxfusion,https://cc.cz/umoznuji-hromadne-tvorit-videoreklamy-i-s-ai-herci-izraelci-buduji-startup-z-prahy-ziskali-investici/,Kromě Czech Founders VC podpořil startup Maxfusion i jeden z prvních investorů miliardového jednorožce Mews Ory Weihs.,2026-01-14,stated,T3,2026-01-14,day,ok,deal,1,100,https://cc.cz/umoznuji-hromadne-tvorit-videoreklamy-i-s-ai-herci-izraelci-buduji-startup-z-prahy-ziskali-investici/,5c2e50127e89771bfc900021b01130ae37a536e057821f9bfa1d686415c97890,2026-10-09T05:08:59+00:00,confirmed
C198,investments,1,"{""company"": ""Lemondia"", ""date"": ""2025-09-17"", ""round"": ""pre-seed"", ""amount"": ""300 tisíc eur"", ""verdict"": ""confirmed""}",Czech Founders VC,https://cc.cz/za-rok-pomohli-s-organizaci-eventu-300-firmam-vcetne-red-bullu-investori-jim-posilaji-dalsi-miliony/,do projektu v rámci tzv. pre-seed kola posílají Czech Founders VC a Nextech Ventures,2025-09-17,stated,T3,2025-09-17,day,ok,deal,1,100,https://cc.cz/za-rok-pomohli-s-organizaci-eventu-300-firmam-vcetne-red-bullu-investori-jim-posilaji-dalsi-miliony/,ea49a5eaed608f1f2ea14c6e8d969352638ace822468ad3f46e7f2bf19b0acb6,2026-10-09T05:09:00+00:00,confirmed
C198,investments,100,"{""company"": ""Merchantee"", ""date"": ""2026-06-09"", ""round"": null, ""amount"": ""30 milionů Kč"", ""verdict"": ""new""}",Czech Founders VC,https://www.lupa.cz/aktuality/cesky-startup-dava-e-shopum-ai-ktera-za-ne-rozhoduje-na-trzistich-s-novou-investici-vyhlizi-dalsi-trhy/,"Kolo o velikosti 30 milionů Kč vedl fond Reflex Capital, zapojily se také Czech Founders VC a Lighthouse Ventures",2026-06-09,stated,T3,2026-06-09,day,ok,deal,1,100,https://www.lupa.cz/aktuality/cesky-startup-dava-e-shopum-ai-ktera-za-ne-rozhoduje-na-trzistich-s-novou-investici-vyhlizi-dalsi-trhy/,2c830874b815e5e4f424f1232bb32cc9df7241a18262142727d8f108af86b7fe,2026-10-09T11:31:43+00:00,new
