candidate_id,field,idx,value,value_text,source_url,quote,published_date,derivation,source_tier,event_date,event_date_precision,auto_check,quote_score,checked_url,text_sha256,fetched_at
C012,identity,0,"{""legal_name"": ""Credo Ventures a.s."", ""company_id"": ""28538137"", ""country"": ""CZ""}",Credo Ventures a.s.,https://www.podnikatel.cz/rejstrik/credo-ventures-a-s-28538137/,Obchodní firma / název: Credo Ventures a.s.,,stated,T3,,,quote_not_found,79,https://www.podnikatel.cz/rejstrik/credo-ventures-a-s-28538137/,b44d5f8b07749cb9f1145ee824eafc9b111b8536cf2dbb2c50fb3a64630695f2,2026-10-08T20:18:26+00:00
C012,identity,1,"{""legal_name"": ""Credo Ventures a.s."", ""company_id"": ""28538137"", ""country"": ""CZ""}",IČO: 28538137,https://www.podnikatel.cz/rejstrik/credo-ventures-a-s-28538137/,IČO: 28538137,,stated,T3,,,ok,92,https://www.podnikatel.cz/rejstrik/credo-ventures-a-s-28538137/,b44d5f8b07749cb9f1145ee824eafc9b111b8536cf2dbb2c50fb3a64630695f2,2026-10-08T20:18:26+00:00
C012,investments,0,"{""company"": ""SuperPlane"", ""date"": ""2026-06"", ""round"": ""pre_seed"", ""amount"": ""$2.6 Million""}",Led by Credo Ventures,https://raising.fi/news/superplane-pre-seed-june-2026,SuperPlane Secures $2.6 Million in Pre-Seed Funding Led by Credo Ventures,2026-06-25,stated,T3,2026-06-01,month,ok,100,https://raising.fi/news/superplane-pre-seed-june-2026,339e80c6435fc856afff56e250dceba55ee8eabbb1a9f435acd8238187db2a53,2026-10-08T20:18:27+00:00
C012,investments,1,"{""company"": ""Axoflow"", ""date"": ""2025-01-23"", ""round"": ""unknown"", ""amount"": null}","Credo Ventures and e2vc, have also significantly increased their stakes",https://en.ain.ua/2025/01/23/axoflow-raises-7m,"all existing major investors, Credo Ventures and e2vc, have also significantly increased their stakes",2025-01-23,stated,T3,2025-01-23,day,ok,100,https://en.ain.ua/2025/01/23/axoflow-raises-7m/,5ff8612667008430fc36af65b30ec81c9820b3376b0752f041bffa2b24cc4c15,2026-10-08T20:18:27+00:00
C012,investments,2,"{""company"": ""Talkbase"", ""date"": ""2022-10"", ""round"": ""unknown"", ""amount"": ""přes dva miliony dolarů""}",od fondů J&T Ventures a Credo Ventures,https://cc.cz/novy-fond-odchod-andreje-kisky-i-tri-dalsi-partneri-v-credo-ventures-se-deji-velke-veci/,Talkbase vybral přes dva miliony dolarů (přes 50 milionů korun) od fondů J&T Ventures a Credo Ventures,2022-11-01,stated,T3,2022-10-01,month,ok,100,https://cc.cz/novy-fond-odchod-andreje-kisky-i-tri-dalsi-partneri-v-credo-ventures-se-deji-velke-veci/,c8eca9f098ed0ee78aa94a06d9132e4aba6b39989721f60e7cf29b9ff859213e,2026-10-08T20:18:28+00:00
C012,investments,3,"{""company"": ""Upheal"", ""date"": ""2022-10"", ""round"": ""pre_seed"", ""amount"": ""lehce přes jeden milion dolarů""}",s přispěním Credo Ventures,https://cc.cz/novy-fond-odchod-andreje-kisky-i-tri-dalsi-partneri-v-credo-ventures-se-deji-velke-veci/,"Healthtech Upheal získal lehce přes jeden milion dolarů (25 milionů korun) v pre-seedu, které vedl fond Kaya VC s přispěním Credo Ventures, Calm/Storm a řady významných andělů.",2022-11-01,stated,T3,2022-10-01,month,ok,100,https://cc.cz/novy-fond-odchod-andreje-kisky-i-tri-dalsi-partneri-v-credo-ventures-se-deji-velke-veci/,c8eca9f098ed0ee78aa94a06d9132e4aba6b39989721f60e7cf29b9ff859213e,2026-10-08T20:18:28+00:00
C012,funds,0,"{""name"": ""Credo Stage 5"", ""size"": ""$88 million"", ""vintage"": ""2026""}","Credo Stage 5, an $88 million fund",https://startuprise.co.uk/prague-and-krakow-based-credo-ventures-raises-88m-fund-5-to-focus-on-cee-pre-seed-startups-and-global-diaspora/,"Credo Ventures has launched Credo Stage 5, an $88 million fund",2026-03-24,stated,T3,2026-03-24,day,ok,100,https://startuprise.co.uk/prague-and-krakow-based-credo-ventures-raises-88m-fund-5-to-focus-on-cee-pre-seed-startups-and-global-diaspora/,73424298e23a53d0359174eff2e9f58decc050860a3153b2b03e3fd0bd5915f0,2026-10-08T20:18:28+00:00
C012,funds,1,"{""name"": ""Credo fund IV (čtvrtý fond)"", ""size"": ""75 milionů eur"", ""vintage"": ""2022""}",75 milionů eur,https://cc.cz/novy-fond-odchod-andreje-kisky-i-tri-dalsi-partneri-v-credo-ventures-se-deji-velke-veci/,"Oznámilo otevření již čtvrtého fondu, v němž má k dispozici celkem 75 milionů eur (1,8 miliardy korun)",2022-11-01,stated,T3,2022-11-01,day,ok,100,https://cc.cz/novy-fond-odchod-andreje-kisky-i-tri-dalsi-partneri-v-credo-ventures-se-deji-velke-veci/,c8eca9f098ed0ee78aa94a06d9132e4aba6b39989721f60e7cf29b9ff859213e,2026-10-08T20:18:28+00:00
C012,funds,2,"{""name"": ""Credo fund III (třetí fond)"", ""size"": ""bezmála 100 milionů eur"", ""vintage"": ""2019""}",S třetím z roku 2019 dosáhl na objem bezmála 100 milionů eur,https://cc.cz/novy-fond-odchod-andreje-kisky-i-tri-dalsi-partneri-v-credo-ventures-se-deji-velke-veci/,"S třetím z roku 2019 dosáhl na objem bezmála 100 milionů eur,",2022-11-01,stated,T3,2022-11-01,day,ok,100,https://cc.cz/novy-fond-odchod-andreje-kisky-i-tri-dalsi-partneri-v-credo-ventures-se-deji-velke-veci/,c8eca9f098ed0ee78aa94a06d9132e4aba6b39989721f60e7cf29b9ff859213e,2026-10-08T20:18:28+00:00
C012,funds,3,"{""name"": ""Credo fund II (druhý fond)"", ""size"": ""53 milionů eur"", ""vintage"": ""2015""}",ve druhém z roku 2015 pak od investorů získal 53 milionů eur,https://cc.cz/novy-fond-odchod-andreje-kisky-i-tri-dalsi-partneri-v-credo-ventures-se-deji-velke-veci/,ve druhém z roku 2015 pak od investorů získal 53 milionů eur.,2022-11-01,stated,T3,2022-11-01,day,ok,100,https://cc.cz/novy-fond-odchod-andreje-kisky-i-tri-dalsi-partneri-v-credo-ventures-se-deji-velke-veci/,c8eca9f098ed0ee78aa94a06d9132e4aba6b39989721f60e7cf29b9ff859213e,2026-10-08T20:18:28+00:00
C012,funds,4,"{""name"": ""Credo fund I (první fond)"", ""size"": ""18 milionů eur"", ""vintage"": ""2010""}",Svůj první fond ve výši 18 milionů eur otevíral v roce 2010,https://cc.cz/novy-fond-odchod-andreje-kisky-i-tri-dalsi-partneri-v-credo-ventures-se-deji-velke-veci/,"Svůj první fond ve výši 18 milionů eur otevíral v roce 2010,",2022-11-01,stated,T3,2022-11-01,day,ok,100,https://cc.cz/novy-fond-odchod-andreje-kisky-i-tri-dalsi-partneri-v-credo-ventures-se-deji-velke-veci/,c8eca9f098ed0ee78aa94a06d9132e4aba6b39989721f60e7cf29b9ff859213e,2026-10-08T20:18:28+00:00
C012,hq_country,0,"""CZ""",Czech Republic,https://www.credoventures.com,"Prague, Karlovo Náměstí 10, 120 00, Prague, Czech Republic",,stated,T2,,,ok,95,https://www.credoventures.com,447e30c7ceef774ba1779d21da4da5f897c9fc956a7f568eca9bcca8d8a665c4,2026-10-08T20:18:29+00:00
C012,investor_type,0,"[""vc""]",venture capital company,https://en.ain.ua/2025/01/23/axoflow-raises-7m,"Credo Ventures, a Prague-based venture capital company focused on early stage investments in Central Europe",2025-01-23,stated,T3,2025-01-23,day,ok,100,https://en.ain.ua/2025/01/23/axoflow-raises-7m/,5ff8612667008430fc36af65b30ec81c9820b3376b0752f041bffa2b24cc4c15,2026-10-08T20:18:27+00:00
C012,sectors,0,"[""sector_agnostic""]",not thesis-driven,https://www.credoventures.com,"Backing exceptional people, not thesis-driven.",,inferred,T2,,,ok,100,https://www.credoventures.com,447e30c7ceef774ba1779d21da4da5f897c9fc956a7f568eca9bcca8d8a665c4,2026-10-08T20:18:29+00:00
C012,stages,0,"[""pre_seed""]",Pre-Seed,https://startuprise.co.uk/prague-and-krakow-based-credo-ventures-raises-88m-fund-5-to-focus-on-cee-pre-seed-startups-and-global-diaspora/,The firm is strengthening its presence in the Pre-Seed niche,2026-03-24,stated,T3,2026-03-24,day,ok,100,https://startuprise.co.uk/prague-and-krakow-based-credo-ventures-raises-88m-fund-5-to-focus-on-cee-pre-seed-startups-and-global-diaspora/,73424298e23a53d0359174eff2e9f58decc050860a3153b2b03e3fd0bd5915f0,2026-10-08T20:18:28+00:00
C012,ticket,0,"{""min"": ""$1M"", ""max"": ""$5M"", ""currency"": ""USD""}",$1M - $5M checks.,https://www.credoventures.com,$1M - $5M checks.,,stated,T2,,,ok,100,https://www.credoventures.com,447e30c7ceef774ba1779d21da4da5f897c9fc956a7f568eca9bcca8d8a665c4,2026-10-08T20:18:29+00:00
C012,total_capital,0,"{""amount"": ""$88 million"", ""currency"": ""USD"", ""capital_type"": ""fund_size"", ""as_of"": ""2026-03-24""}",$88 million,https://startuprise.co.uk/prague-and-krakow-based-credo-ventures-raises-88m-fund-5-to-focus-on-cee-pre-seed-startups-and-global-diaspora/,"Credo Ventures has launched Credo Stage 5, an $88 million fund",2026-03-24,stated,T3,2026-03-24,day,ok,100,https://startuprise.co.uk/prague-and-krakow-based-credo-ventures-raises-88m-fund-5-to-focus-on-cee-pre-seed-startups-and-global-diaspora/,73424298e23a53d0359174eff2e9f58decc050860a3153b2b03e3fd0bd5915f0,2026-10-08T20:18:28+00:00
C002,identity,0,"{""legal_name"": ""Investown Technologies s.r.o."", ""company_id"": ""08667144"", ""country"": ""CZ""}",Investown Technologies s.r.o.,https://www.podnikatel.cz/rejstrik/investown-technologies-s-r-o-08667144/,Investown Technologies s.r.o.,,stated,T3,,,ok,100,https://www.podnikatel.cz/rejstrik/investown-technologies-s-r-o-08667144/,893e8958bcf7a0aba865b6bf4f448ab4bda69c62a693c21a901418c567a5d64c,2026-10-08T20:18:29+00:00
C002,identity,1,"{""legal_name"": ""Investown Technologies s.r.o."", ""company_id"": ""08667144"", ""country"": ""CZ""}",IČO: 08667144,https://www.investown.cz/kontakt,IČO: 08667144,,stated,T2,,,ok,100,https://www.investown.cz/kontakt,d641ed7bee08c7eefe35943909c52ecbd194abca9abfbbc4c6cad2b6ebb2bfb3,2026-10-08T20:18:30+00:00
C002,investments,0,"{""company"": ""ALZATA s.r.o."", ""date"": ""2026"", ""round"": ""unknown"", ""amount"": null}",Investown nám přinesl flexibilní a rychlé financování,https://www.investown.cz/blog,"„Investown nám přinesl flexibilní a rychlé financování,“ hodnotí spolupráci ALZATA s.r.o.",2026-10-01,stated,T2,2026-01-01,year,ok,100,https://www.investown.cz/blog,69cefa79c108ee53d149f954ab6dbb8e8240c40e239a14d75358d6a05197d43c,2026-10-08T20:18:30+00:00
C002,investments,1,"{""company"": ""M.E estates s.r.o."", ""date"": ""2026"", ""round"": ""unknown"", ""amount"": null}",Díky pohotovému financování jsme mohli zahájit stavbu hned po akvizici projektu,https://www.investown.cz/blog,M.E estates s.r.o.: „Díky pohotovému financování jsme mohli zahájit stavbu hned po akvizici projektu“,2026-09-10,stated,T2,2026-01-01,year,ok,100,https://www.investown.cz/blog,69cefa79c108ee53d149f954ab6dbb8e8240c40e239a14d75358d6a05197d43c,2026-10-08T20:18:30+00:00
C002,red_flags,0,"""Platform arranging real-estate-secured loans (intermediary/lender); no equity investment into companies found""",Investown je online platforma s investičními úvěry do nemovitostí,https://www.investown.cz,Investown je online platforma s investičními úvěry do nemovitostí.,,stated,T2,,,ok,100,https://www.investown.cz,fba718e730f7e5f6eb158ede55de751ea9ca448e485950bbbccda953912eeb7b,2026-10-08T20:18:31+00:00
C002,red_flags,1,"""CNB fined the company in 2023 (1 million CZK); according to the CNB it had operated an unlicensed investment-fund-type scheme via loan participations""",pokoutný investiční fond,https://cc.cz/cnb-cisti-trh-od-sede-zony-pokutu-milion-korun-udelila-crowdfundingu-investown-fungovani-jiz-zmenil/,"Investown původně nabízel participaci na úvěrech, podle ČNB tím ale provozoval takzvaný pokoutný investiční fond",2023-02-17,stated,T3,2023-02-17,day,ok,100,https://cc.cz/cnb-cisti-trh-od-sede-zony-pokutu-milion-korun-udelila-crowdfundingu-investown-fungovani-jiz-zmenil/,938065d0e4dcde097307a253e2ebd27c761b951f72ad6c317a79840f6d6da11f,2026-10-08T20:18:31+00:00
C002,hq_country,0,"""CZ""",Zlatníky-Hodkovice,https://www.investown.cz/kontakt,"Inovační 122, Hodkovice, 252 41 Zlatníky-Hodkovice",,inferred,T2,,,ok,100,https://www.investown.cz/kontakt,d641ed7bee08c7eefe35943909c52ecbd194abca9abfbbc4c6cad2b6ebb2bfb3,2026-10-08T20:18:30+00:00
C002,investor_type,0,"[""crowdfunding_platform"", ""lender""]",podílet se na investování do úvěrů z nemovitostí,https://cc.cz/startup-investown-dostal-zelenou-od-cnb-licence-mu-otevira-cestu-do-george-ceske-sporitelny/,Investown lidem umožňuje podílet se na investování do úvěrů z nemovitostí.,2023-10-24,stated,T3,2023-10-24,day,ok,100,https://cc.cz/startup-investown-dostal-zelenou-od-cnb-licence-mu-otevira-cestu-do-george-ceske-sporitelny/,c79e00db97ce229671df7f15b74bdfe618c77b1651b2bddcd0d1e043454a6691,2026-10-08T20:18:31+00:00
C002,sectors,0,"[""proptech_construction""]",investičními úvěry do nemovitostí,https://www.investown.cz,Investown je online platforma s investičními úvěry do nemovitostí.,,inferred,T2,,,ok,100,https://www.investown.cz,fba718e730f7e5f6eb158ede55de751ea9ca448e485950bbbccda953912eeb7b,2026-10-08T20:18:31+00:00
C002,ticket,0,"{""min"": ""500 Kč"", ""max"": ""50 000 000 Kč"", ""currency"": ""CZK""}","Nejmenší investovatelná částka je 500 Kč, nejvyšší je 50 000 000 Kč.",https://www.investown.cz,"Nejmenší investovatelná částka je 500 Kč, nejvyšší je 50 000 000 Kč.",,stated,T2,,,ok,100,https://www.investown.cz,fba718e730f7e5f6eb158ede55de751ea9ca448e485950bbbccda953912eeb7b,2026-10-08T20:18:31+00:00
C206,identity,0,"{""legal_name"": ""E.S. invest, s. r. o."", ""company_id"": ""43875408"", ""country"": ""SK""}","E.S. invest, s. r. o.",https://www.orsr.sk/hladaj_ico.asp?ICO=43875408,"E.S. invest, s. r. o.",,stated,T1,,,ok,100,https://www.orsr.sk/hladaj_ico.asp?ICO=43875408,4097c0c96e7e759083f5ae4b511f98b834505c95b50fd7dcfa7a79e9df33632d,2026-10-08T20:18:32+00:00
C206,identity,1,"{""legal_name"": ""E.S. invest, s. r. o."", ""company_id"": ""43875408"", ""country"": ""SK""}",IČO: 43875408,https://www.orsr.sk/hladaj_ico.asp?ICO=43875408,IČO: 43875408,,stated,T1,,,ok,92,https://www.orsr.sk/hladaj_ico.asp?ICO=43875408,4097c0c96e7e759083f5ae4b511f98b834505c95b50fd7dcfa7a79e9df33632d,2026-10-08T20:18:32+00:00
