candidate_id,field,idx,value,value_text,source_url,quote,published_date,derivation,source_tier,event_date,event_date_precision,auto_check,deal_context,attributed,quote_score,checked_url,text_sha256,fetched_at
C022,stages,0,"[""growth""]",growth stage,https://www.cez.cz/nextcez/en/cez-group/cez-group/energy-start-ups,innovative cleantech/smart energy growth stage startups,,stated,T3,,,ok,,,100,https://www.cez.cz/nextcez/en/cez-group/cez-group/energy-start-ups,46b5fe398a913745d05b06a3456b4ab4c76c7b733232bdae231dd07a77d36fb3,2026-10-09T22:17:50+00:00
C022,stages,1,"[""series_a""]",SeriesA,https://www.invencapital.cz,Inven co-leads £11m SeriesA in Ember alongside 2150 and AENU,,inferred,T2,,,ok,,,100,https://www.invencapital.cz,3d2c725f2f88a5de182e201f53e646401c7ce11230354cc2428e358e0d289cda,2026-10-08T21:14:41+00:00
C022,stages,2,"[""series_b_plus""]",Series B,https://www.invencapital.cz,Inven co-leads $40M Series B in Andercore,,inferred,T2,,,ok,,,100,https://www.invencapital.cz,3d2c725f2f88a5de182e201f53e646401c7ce11230354cc2428e358e0d289cda,2026-10-08T21:14:41+00:00
C023,stages,0,"[""seed""]",late seed a pre-series A,https://cc.cz/chceme-z-ceska-moderni-ekonomiku-ne-skanzen-rika-sef-jet-ventures-a-vyjmenovava-5-nejvetsich-prekazek/,"typicky cílíme na průmyslové inovace v pozdějších fázích fundraisingu, late seed a pre-series A.",2025-06-25,stated,T3,2025-06-25,day,ok,,,100,https://cc.cz/chceme-z-ceska-moderni-ekonomiku-ne-skanzen-rika-sef-jet-ventures-a-vyjmenovava-5-nejvetsich-prekazek/,7e3db659da1f6e148e7c97a3cadb3c89f577d15742d1fc80e7916556398cc7eb,2026-10-09T22:17:50+00:00
C023,ticket,0,"{""min"": ""jedním"", ""max"": ""dvěma miliony eur"", ""currency"": ""EUR""}",mezi jedním a dvěma miliony eur,https://cc.cz/teoreticka-hodnota-nestaci-fondy-musi-investorum-vydelavat-rika-sef-fondu-jet-venture-1/,"což odpovídá naší ideální velikosti ticketu, kdy se chceme u jedné investice pohybovat mezi jedním a dvěma miliony eur.",2025-12-18,stated,T3,2025-12-18,day,ok,,,100,https://cc.cz/teoreticka-hodnota-nestaci-fondy-musi-investorum-vydelavat-rika-sef-fondu-jet-venture-1/,e0c0cc519d2e629dbbe55a9babc416f0a5c7eb45b8bb4b3f8b9d530bf09b6433,2026-10-08T20:33:38+00:00
C063,sectors,0,"[""health_digital"", ""life_sciences_medtech""]","Healthtech, medtech, femtech, mental health, agetech and animal health",https://www.jskinvestments.ventures/en,"Healthtech, medtech, femtech, mental health, agetech and animal health.",,stated,T3,,,ok,,,100,https://www.jskinvestments.ventures/en,83efdd8cd5426bda9fc232aa4352e1228f99cf987df7dcd79f598c3de87c7a66,2026-10-09T22:17:51+00:00
C063,sectors,1,"[""ai_data"", ""deeptech_hardware"", ""cleantech_energy""]","Applied AI, deep tech, robotics, quantum applications, climate technologies",https://www.jskinvestments.ventures/en,"Applied AI, deep tech, robotics, quantum applications, climate technologies solving high-value real-world problems.",,stated,T3,,,ok,,,100,https://www.jskinvestments.ventures/en,83efdd8cd5426bda9fc232aa4352e1228f99cf987df7dcd79f598c3de87c7a66,2026-10-09T22:17:51+00:00
C063,ticket,0,"{""min"": ""€300K"", ""max"": null, ""currency"": ""EUR""}",From €300K,https://www.jskinvestments.ventures/en,INITIAL INVESTMENT IN PORTFOLIO COMPANIES From €300K,,stated,T3,,,ok,,,100,https://www.jskinvestments.ventures/en,83efdd8cd5426bda9fc232aa4352e1228f99cf987df7dcd79f598c3de87c7a66,2026-10-09T22:17:51+00:00
C099,stages,0,"[""seed""]",seed investície,https://www.startitup.sk/neulogy-ventures-a-ich-uvodny-event-ako-sa-patri/,"Neulogy Ventures pozostáva z dvoch fondov, prvý, ktorý je určený pre seed investície do 200tis.€",2014-04-30,stated,T3,2014-04-30,day,ok,,,100,https://www.startitup.sk/neulogy-ventures-a-ich-uvodny-event-ako-sa-patri/,a8def00649e5ab3f9ad6ada41aad09ae259c8672631b1fabacac2091a59c8f2e,2026-10-09T22:20:10+00:00
C099,ticket,0,"{""min"": ""€200K"", ""max"": ""€3M"", ""currency"": ""EUR""}",from €200K to €3M,https://neulogy.vc/about,from €200K to €3M,,stated,T2,,,ok,,,100,https://neulogy.vc/about-us/,9f6f9dea16a11fe7fc3753a55b755f0373bd9e1db3f7471f66b76727193638ec,2026-10-09T22:20:10+00:00
C125,sectors,0,"[""deeptech_hardware""]",Deep-Tech Company AT Crystals,https://www.sih.sk/en/aktuality/sih-investuje-do-slovenskej-deep-tech-spolocnosti-at-crystals,SIH Invests in Slovak Deep-Tech Company AT Crystals,2026-09-15,inferred,T1,2026-09-15,day,ok,,,100,https://www.sih.sk/en/aktuality/sih-investuje-do-slovenskej-deep-tech-spolocnosti-at-crystals,3ec05fb5066f957e07808eed19e8803579d7416867b408d22a42f9771c3ffdf0,2026-10-09T17:11:23+00:00
C125,sectors,1,"[""ai_data""]",software data infrastructure for artificial intelligence,https://www.sih.sk/en/aktuality/sih-investuje-1-4-miliona-eur-do-visionflow-slovensky-startup-vyvija-softverovu-datovu-infrastrukturu-pre-umelu-inteligenciu,The Slovak startup is developing software data infrastructure for artificial intelligence.,2026-09-22,inferred,T1,2026-09-22,day,ok,,,100,https://www.sih.sk/en/aktuality/sih-investuje-1-4-miliona-eur-do-visionflow-slovensky-startup-vyvija-softverovu-datovu-infrastrukturu-pre-umelu-inteligenciu,24ce39271980801fcd4d004235fddf865b29ac45139a19deb2bf132d8993a2d5,2026-10-09T17:11:22+00:00
C125,sectors,2,"[""fintech_insurtech""]",Fintech Company Veslo,https://www.sih.sk/en/aktuality/sih-investuje-do-fintechu-veslo-podpori-platformu-ktora-digitalizuje-distribuciu-a-vyuzivanie-platobnych-sluzieb,SIH Invests in Fintech Company Veslo. Backing a platform that digitalises the distribution and use of payment services.,2026-07-20,inferred,T1,2026-07-20,day,ok,,,100,https://www.sih.sk/en/aktuality/sih-investuje-do-fintechu-veslo-podpori-platformu-ktora-digitalizuje-distribuciu-a-vyuzivanie-platobnych-sluzieb,677b3cbcb4ca82a57781a5e9ebc7da0d8483735b685c2c168a245d1d49fa410b,2026-10-09T22:20:12+00:00
C125,stages,0,"[""seed""]",companies in the seed stage,https://www.sih.sk/en/aktuality/slovak-investment-holding-podpori-podniky-v-pociatocnej-etape-zivotneho-cyklu-v-celkovom-objeme-15-milionov-eur,Support will be addressed to companies in the seed stage,2024-06-27,stated,T1,2024-06-27,day,ok,,,100,https://www.sih.sk/en/aktuality/slovak-investment-holding-podpori-podniky-v-pociatocnej-etape-zivotneho-cyklu-v-celkovom-objeme-15-milionov-eur,c8c43dd588e475a82e7ef54e13c100db226789d6eaf4161b95b5fc90e7dfaed9,2026-10-09T22:20:13+00:00
C132,sectors,0,"[""sector_agnostic""]",companies from various industries,https://en.ain.ua/2022/11/30/most-active-slovak-vc-funds,"The VC fund focuses on companies from various industries, with global mindset and innovative, scalable business models",2022-11-30,stated,T3,2022-11-30,day,ok,,,100,https://en.ain.ua/2022/11/30/most-active-slovak-vc-funds/,d35257b4909a34b0331050a9daa260a4fba6d86d4cbf1d951cfcec00c93754d5,2026-10-09T22:20:14+00:00
C132,ticket,0,"{""min"": null, ""max"": ""200k €"", ""currency"": ""EUR""}",Up to 200k €,https://zerogravitycap.com,Up to 200k € intro investment,,stated,T2,,,ok,,,100,https://zerogravitycap.com,ee61e594a8d049938a85f78bb9e4ba73412071da2a9bc25474baf472bb1dad52,2026-10-09T05:09:49+00:00
C135,sectors,0,"[""fintech_insurtech""]","vykupuje nemovitosti, nabízí je drobným investorům",https://cc.cz/novy-startup-investown-nabidne-investicni-nemovitosti-uz-od-par-stovek-miliony-korun-do-nej-posila-ceska-sporitelna/,"Investown, který vykupuje nemovitosti, nabízí je drobným investorům",2020-09-02,inferred,T3,2020-09-02,day,ok,,,100,https://cc.cz/novy-startup-investown-nabidne-investicni-nemovitosti-uz-od-par-stovek-miliony-korun-do-nej-posila-ceska-sporitelna/,db384980d91fc5c373be57576249f6710a9b2cac6f717c3d0fced02abe93a197,2026-10-09T17:11:25+00:00
C135,sectors,1,"[""enterprise_saas""]",digitalizací účetnictví,https://www.newstream.cz/zpravy-z-firem/ceska-sporitelna-poslala-desitky-milionu-do-ceskeho-fintechu,firmám z Česka i zahraničí pomáhá s digitalizací účetnictví,2022-02-08,inferred,T3,2022-02-08,day,ok,,,100,https://www.newstream.cz/zpravy-z-firem/ceska-sporitelna-poslala-desitky-milionu-do-ceskeho-fintechu,0eb6fa393ef43b050a6f3eed45350a8986a1480696d9e47df2f7c2776f41678e,2026-10-09T22:20:15+00:00
C135,sectors,2,"[""hr_worktech""]",vyplácet odpracovanou část mzdy kdykoliv v měsíci,https://cc.cz/do-peti-let-bude-vyplata-kdykoliv-standard-hlasi-palmapp-startupu-s-tim-pomaha-i-ceska-sporitelna/,PalmApp firmám umožňuje vyplácet odpracovanou část mzdy kdykoliv v měsíci.,2022-04-29,inferred,T3,2022-04-29,day,ok,,,92,https://cc.cz/do-peti-let-bude-vyplata-kdykoliv-standard-hlasi-palmapp-startupu-s-tim-pomaha-i-ceska-sporitelna/,9de104103c3bde9a988c84ac3cb2440e5cd890ea7f64fac9ee7f63f5dc694f65,2026-10-09T22:20:15+00:00
C144,sectors,0,"[""sector_agnostic""]",Nevybíráme si primárně obor,https://www.lupa.cz/clanky/ondrej-fryc-reflex-capital-v-podnikani-nejlip-funguje-kdyz-si-drbete-co-vas-svedi/,"Nevybíráme si primárně obor, ale soustředíme se na zakladatele",2018-06-20,stated,T3,2018-06-20,day,ok,,,100,https://www.lupa.cz/clanky/ondrej-fryc-reflex-capital-v-podnikani-nejlip-funguje-kdyz-si-drbete-co-vas-svedi/,5ebca5f7e341ac39bb1584692391a0603ee8a95508fe814c296f7f298fd1315c,2026-10-09T22:17:51+00:00
C151,ticket,0,"{""min"": ""€200k"", ""max"": ""€1M+"", ""currency"": ""EUR""}",€200k – €1M+,https://gi21capital.com/investments,Check Size €200k – €1M+,,stated,T2,,,ok,,,100,https://www.gi21capital.com/investments,a7c894504611292c22c33907d8bc679c3f08231b1f24cc4951df4576648b1ae7,2026-10-09T22:17:52+00:00
C184,stages,0,"[""pre_seed"", ""seed"", ""series_a""]",Pre-seed Seed Series A,https://www.miton.cz/en/about,When and how much we invest Pre-seed Seed Series A,,stated,T2,,,ok,,,100,https://www.miton.cz/en/about,806dcd6b790e6d8bed1dcdf43aa2aad7f98860729c607b24176e6bcd3097ea15,2026-10-08T21:13:52+00:00
C184,stages,1,"[""pre_seed"", ""seed"", ""series_a""]",od pre-seedu po Series A,https://cc.cz/profil/miton/,"Jsme founderům nablízku od pre-seedu po Series A, investujeme 300k–2M € s možností follow-up investic.",,stated,T3,,,ok,,,100,https://cc.cz/profil/miton/,8de82b39aaef10d6628e887387dc2465e509975f9cf4dec4ea333ab74e1d4956,2026-10-09T22:17:52+00:00
C186,stages,0,"[""pre_seed"", ""seed""]",pre-seed and seed stages,https://emerging-europe.com/from-czechia-a-new-fund-for-cees-ai-start-ups/,The LAIV fund focuses on AI start-ups in pre-seed and seed stages with the potential to disrupt major industries.,2023-04-14,stated,T3,2023-04-14,day,ok,,,100,https://emerging-europe.com/from-czechia-a-new-fund-for-cees-ai-start-ups/,bb7017c78e3d785ffc336806c6195d2afdcd308b2a54a99800e12ab045d57f4b,2026-10-09T22:17:53+00:00
C186,funds,0,"{""name"": ""Look AI Ventures fund (LAIV)"", ""known_as"": ""LAIV"", ""size"": ""20 million euros"", ""currency"": ""EUR"", ""vintage"": ""2022"", ""status"": ""target"", ""status_date"": ""2023-04""}",20 million euros,https://emerging-europe.com/from-czechia-a-new-fund-for-cees-ai-start-ups/,is looking to raise 20 million euros to invest in early-stage companies,2023-04-14,stated,T3,2023-04-14,day,ok,,,100,https://emerging-europe.com/from-czechia-a-new-fund-for-cees-ai-start-ups/,bb7017c78e3d785ffc336806c6195d2afdcd308b2a54a99800e12ab045d57f4b,2026-10-09T22:17:53+00:00
C195,ticket,0,"{""min"": ""250"", ""max"": ""€300k"", ""currency"": ""EUR""}",€250-300k tickets,https://familyofficehub.io/blog/czech-vc-single-family-office-opens-up-to-third-party-investors/,"the family office will invest in more startups per year, following its €250-300k tickets in the B2B",2024-07-22,stated,T3,2024-07-22,day,ok,,,100,https://familyofficehub.io/blog/czech-vc-single-family-office-opens-up-to-third-party-investors/,bac9c155dae580ffc543f37f3a8ecd51c41c02e8c3ea44578ee3811bc45b7019,2026-10-09T22:17:53+00:00
C197,ticket,0,"{""min"": null, ""max"": ""EUR 15 million"", ""currency"": ""EUR""}",up to EUR 15 million,https://rockawayventures.com/rockaway-ventures-launches-a-fund-focused-on-esg-investment-in-startups-and-announces-its-first-two-acquisitions/,We are prepared to invest up to EUR 15 million into each company.,2021-09-22,stated,T2,2021-09-22,day,ok,,,100,https://rockawayventures.com/rockaway-ventures-launches-a-fund-focused-on-esg-investment-in-startups-and-announces-its-first-two-acquisitions/,dc94e553d182b1362f76924350c7cca1967a6334a7a36c34b48707c712eb78e8,2026-10-09T22:17:54+00:00
C198,sectors,0,"[""proptech_construction""]",proptech startup,https://czechfounders.vc/our-portfolio/dts,"DTS (Digital Transformation System), a proptech startup that is helping companies in the construction industry",,inferred,T2,,,ok,,,100,https://czechfounders.vc/our-portfolio/dts,390297719dd792cc5d861536691987b7b13f1d694ee41872082cd6bc2d213bdb,2026-10-09T22:17:55+00:00
C198,sectors,1,"[""ai_data""]",AI orchestration and automation platform,https://czechfounders.vc/our-portfolio/filuta-ai,Filuta AI is building a general-purpose AI orchestration and automation platform with a low entry barrier,,inferred,T2,,,ok,,,100,https://czechfounders.vc/our-portfolio/filuta-ai,06ac5b2411bcf97fb0315b3fc151524acddf42b2c186b093d83f2679dbc9a5e0,2026-10-09T22:17:55+00:00
C198,sectors,2,"[""media_gaming""]",help streamers grow and succeed,https://czechfounders.vc/our-portfolio/streambee,StreamBee is a startup that is creating powerful analytics and tools to help streamers grow and succeed.,,inferred,T2,,,ok,,,100,https://czechfounders.vc/our-portfolio/streambee,b9820ba86834a2a3dade0c2575cbb945d09bc40c40b8afe7c64921aedaa792c3,2026-10-09T22:17:55+00:00
C198,sectors,3,"[""life_sciences_medtech""]",life-science research,https://czechfounders.vc/our-portfolio/carta-genum,in fields such as spatial biology and advanced life-science research.,,inferred,T2,,,ok,,,100,https://czechfounders.vc/our-portfolio/carta-genum,52d76bab3e37a0779981791fa0d1302b9c406924283596859306f416088e7207,2026-10-09T22:17:56+00:00
