file,row,name,source_url,check_status,quote_score,http_status,checked_url
controls,0,Fingood s.r.o.,https://www.fingood.cz,ok,100,200,https://www.fingood.cz
controls,1,Investown Technologies s.r.o.,https://www.investown.cz/,ok,100,200,https://www.investown.cz/
controls,2,Zonky (Air Bank a.s.),https://www.zonky.cz,ok,100,200,https://www.zonky.cz
controls,3,Patria Corporate Finance,https://cf.patria.cz,ok,100,200,https://cf.patria.cz
controls,4,Ecovis Corporate Finance CZ,https://www.ecovis.com/czech-republic/services/corporate-finance/,ok,100,200,https://www.ecovis.com/czech-republic/services/corporate-finance/
controls,5,Forvis Mazars CZ,https://www.forvismazars.com/cz/cs/nase-sluzby/transakcni-poradenstvi/transakce/akvizice-a-prodeje-firem-m-a,ok,100,200,https://www.forvismazars.com/cz/cs/nase-sluzby/transakcni-poradenstvi/transakce/akvizice-a-prodeje-firem-m-a
controls,6,"Investika realitní fond (INVESTIKA, investiční společnost, a.s.)",https://www.investika.cz,ok,100,200,https://www.investika.cz
controls,7,Trigea (Nemovitostní fond Trigea),https://www.trigea.cz,ok,100,200,https://www.trigea.cz
controls,8,AGROFERT,https://www.agrofert.cz,quote_not_found,54,200,https://www.agrofert.cz
list_a_cz,0,Abris Capital,https://cvca.cz/clenstvi/radni-clenove/,ok,100,200,https://cvca.cz/clenstvi/radni-clenove/
list_a_cz,1,ARX Equity Partners,https://cvca.cz/clenstvi/radni-clenove/,ok,100,200,https://cvca.cz/clenstvi/radni-clenove/
list_a_cz,2,Credo Ventures a.s.,https://cvca.cz/clenstvi/radni-clenove/,ok,100,200,https://cvca.cz/clenstvi/radni-clenove/
list_a_cz,3,CVI,https://cvca.cz/clenstvi/radni-clenove/,ok,100,200,https://cvca.cz/clenstvi/radni-clenove/
list_a_cz,4,Depo Ventures,https://cvca.cz/clenstvi/radni-clenove/,ok,100,200,https://cvca.cz/clenstvi/radni-clenove/
list_a_cz,5,Enterprise Investors,https://cvca.cz/clenstvi/radni-clenove/,ok,100,200,https://cvca.cz/clenstvi/radni-clenove/
list_a_cz,6,Espira Investments s.r.o.,https://cvca.cz/clenstvi/radni-clenove/,ok,100,200,https://cvca.cz/clenstvi/radni-clenove/
list_a_cz,7,EVERITA Capital,https://cvca.cz/clenstvi/radni-clenove/,ok,100,200,https://cvca.cz/clenstvi/radni-clenove/
list_a_cz,8,Genesis Capital Equity s.r.o.,https://cvca.cz/clenstvi/radni-clenove/,ok,100,200,https://cvca.cz/clenstvi/radni-clenove/
list_a_cz,9,i&i Biotech Investments,https://cvca.cz/clenstvi/radni-clenove/,ok,100,200,https://cvca.cz/clenstvi/radni-clenove/
list_a_cz,10,Innova Capital,https://cvca.cz/clenstvi/radni-clenove/,ok,100,200,https://cvca.cz/clenstvi/radni-clenove/
list_a_cz,11,Integral Capital Group,https://cvca.cz/clenstvi/radni-clenove/,ok,100,200,https://cvca.cz/clenstvi/radni-clenove/
list_a_cz,12,Inven Capital,https://cvca.cz/clenstvi/radni-clenove/,ok,100,200,https://cvca.cz/clenstvi/radni-clenove/
list_a_cz,13,Jet Investment,https://cvca.cz/clenstvi/radni-clenove/,ok,100,200,https://cvca.cz/clenstvi/radni-clenove/
list_a_cz,14,KAYA VC,https://cvca.cz/clenstvi/radni-clenove/,ok,100,200,https://cvca.cz/clenstvi/radni-clenove/
list_a_cz,15,MAM Private Equity Fund SICAV a.s.,https://cvca.cz/clenstvi/radni-clenove/,ok,100,200,https://cvca.cz/clenstvi/radni-clenove/
list_a_cz,16,Mid Europa Partners,https://cvca.cz/clenstvi/radni-clenove/,ok,100,200,https://cvca.cz/clenstvi/radni-clenove/
list_a_cz,17,Nation1,https://cvca.cz/clenstvi/radni-clenove/,ok,100,200,https://cvca.cz/clenstvi/radni-clenove/
list_a_cz,18,Orbit Capital,https://cvca.cz/clenstvi/radni-clenove/,ok,100,200,https://cvca.cz/clenstvi/radni-clenove/
list_a_cz,19,Sandberg Capital,https://cvca.cz/clenstvi/radni-clenove/,ok,100,200,https://cvca.cz/clenstvi/radni-clenove/
list_a_cz,20,SkyLimit Investments,https://cvca.cz/clenstvi/radni-clenove/,ok,100,200,https://cvca.cz/clenstvi/radni-clenove/
list_a_cz,21,Stratum Partners,https://cvca.cz/clenstvi/radni-clenove/,ok,100,200,https://cvca.cz/clenstvi/radni-clenove/
list_a_cz,22,Tensor Ventures,https://cvca.cz/clenstvi/radni-clenove/,ok,100,200,https://cvca.cz/clenstvi/radni-clenove/
list_a_cz,23,Thein,https://cvca.cz/clenstvi/radni-clenove/,ok,100,200,https://cvca.cz/clenstvi/radni-clenove/
list_a_cz,24,Tilia Impact Ventures – Čestný člen,https://cvca.cz/clenstvi/radni-clenove/,ok,100,200,https://cvca.cz/clenstvi/radni-clenove/
list_a_cz,25,V4C Investment Advisers Limited,https://cvca.cz/clenstvi/radni-clenove/,ok,100,200,https://cvca.cz/clenstvi/radni-clenove/
list_a_cz,26,Versute Investments,https://cvca.cz/clenstvi/radni-clenove/,ok,100,200,https://cvca.cz/clenstvi/radni-clenove/
list_a_cz,27,Accolade,https://cvca.cz/clenstvi/pridruzeni-clenove/,ok,100,200,https://cvca.cz/clenstvi/pridruzeni-clenove/
list_a_cz,28,Asociace pro kapitálový trh ČR,https://cvca.cz/clenstvi/pridruzeni-clenove/,ok,100,200,https://cvca.cz/clenstvi/pridruzeni-clenove/
list_a_cz,29,Aon Central and Eastern Europe a.s.,https://cvca.cz/clenstvi/pridruzeni-clenove/,ok,100,200,https://cvca.cz/clenstvi/pridruzeni-clenove/
list_a_cz,30,"ASB Czech Republic, s.r.o.",https://cvca.cz/clenstvi/pridruzeni-clenove/,ok,100,200,https://cvca.cz/clenstvi/pridruzeni-clenove/
list_a_cz,31,BADOKH – Kuhn Dostál advokátní kancelář s.r.o.,https://cvca.cz/clenstvi/pridruzeni-clenove/,ok,100,200,https://cvca.cz/clenstvi/pridruzeni-clenove/
list_a_cz,32,"Baker & McKenzie s.r.o., advokátní kancelář",https://cvca.cz/clenstvi/pridruzeni-clenove/,ok,100,200,https://cvca.cz/clenstvi/pridruzeni-clenove/
list_a_cz,33,BDO Czech Republic s.r.o.,https://cvca.cz/clenstvi/pridruzeni-clenove/,ok,100,200,https://cvca.cz/clenstvi/pridruzeni-clenove/
list_a_cz,34,"Bird & Bird, s.r.o.",https://cvca.cz/clenstvi/pridruzeni-clenove/,ok,100,200,https://cvca.cz/clenstvi/pridruzeni-clenove/
list_a_cz,35,Bonuvis s.r.o.,https://cvca.cz/clenstvi/pridruzeni-clenove/,ok,100,200,https://cvca.cz/clenstvi/pridruzeni-clenove/
list_a_cz,36,"Burza cenných papírů Praha, a.s.",https://cvca.cz/clenstvi/pridruzeni-clenove/,ok,100,200,https://cvca.cz/clenstvi/pridruzeni-clenove/
list_a_cz,37,"Citibank Europe plc, organizační složka",https://cvca.cz/clenstvi/pridruzeni-clenove/,ok,100,200,https://cvca.cz/clenstvi/pridruzeni-clenove/
list_a_cz,38,Clifford Chance LLP,https://cvca.cz/clenstvi/pridruzeni-clenove/,ok,100,200,https://cvca.cz/clenstvi/pridruzeni-clenove/
list_a_cz,39,CMS Cameron Mckenna V.o.s.,https://cvca.cz/clenstvi/pridruzeni-clenove/,ok,100,200,https://cvca.cz/clenstvi/pridruzeni-clenove/
list_a_cz,40,"CORPIN, a.s.",https://cvca.cz/clenstvi/pridruzeni-clenove/,ok,100,200,https://cvca.cz/clenstvi/pridruzeni-clenove/
list_a_cz,41,"Česká exportní banka, a.s.",https://cvca.cz/clenstvi/pridruzeni-clenove/,ok,100,200,https://cvca.cz/clenstvi/pridruzeni-clenove/
list_a_cz,42,Česká spořitelna,https://cvca.cz/clenstvi/pridruzeni-clenove/,ok,100,200,https://cvca.cz/clenstvi/pridruzeni-clenove/
list_a_cz,43,Datasite Germany GmbH,https://cvca.cz/clenstvi/pridruzeni-clenove/,ok,100,200,https://cvca.cz/clenstvi/pridruzeni-clenove/
list_a_cz,44,Deloitte Česká republika,https://cvca.cz/clenstvi/pridruzeni-clenove/,ok,100,200,https://cvca.cz/clenstvi/pridruzeni-clenove/
list_a_cz,45,"Dentons Europe CS LLP, organizační složka",https://cvca.cz/clenstvi/pridruzeni-clenove/,ok,100,200,https://cvca.cz/clenstvi/pridruzeni-clenove/
list_a_cz,46,DLA Piper Prague LLP,https://cvca.cz/clenstvi/pridruzeni-clenove/,ok,100,200,https://cvca.cz/clenstvi/pridruzeni-clenove/
list_a_cz,47,"EMUN investiční společnost, a.s.",https://cvca.cz/clenstvi/pridruzeni-clenove/,ok,100,200,https://cvca.cz/clenstvi/pridruzeni-clenove/
list_a_cz,48,EY,https://cvca.cz/clenstvi/pridruzeni-clenove/,ok,100,200,https://cvca.cz/clenstvi/pridruzeni-clenove/
list_a_cz,49,"FARKASOVA INTERNATIONAL, s.r.o",https://cvca.cz/clenstvi/pridruzeni-clenove/,ok,100,200,https://cvca.cz/clenstvi/pridruzeni-clenove/
list_a_cz,50,Forvis Mazars Česká republika,https://cvca.cz/clenstvi/pridruzeni-clenove/,ok,100,200,https://cvca.cz/clenstvi/pridruzeni-clenove/
list_a_cz,51,Havel & Partners,https://cvca.cz/clenstvi/pridruzeni-clenove/,ok,100,200,https://cvca.cz/clenstvi/pridruzeni-clenove/
list_a_cz,52,"Chubb European Group Limited, organizační složka",https://cvca.cz/clenstvi/pridruzeni-clenove/,ok,100,200,https://cvca.cz/clenstvi/pridruzeni-clenove/
list_a_cz,53,INDUNA,https://cvca.cz/clenstvi/pridruzeni-clenove/,ok,100,200,https://cvca.cz/clenstvi/pridruzeni-clenove/
list_a_cz,54,JSK Investments,https://cvca.cz/clenstvi/pridruzeni-clenove/,ok,100,200,https://cvca.cz/clenstvi/pridruzeni-clenove/
list_a_cz,55,"JŠK, advokátní kancelář, s.r.o.",https://cvca.cz/clenstvi/pridruzeni-clenove/,ok,100,200,https://cvca.cz/clenstvi/pridruzeni-clenove/
list_a_cz,56,Kinstellar,https://cvca.cz/clenstvi/pridruzeni-clenove/,ok,100,200,https://cvca.cz/clenstvi/pridruzeni-clenove/
list_a_cz,57,"Komerční banka, a.s.",https://cvca.cz/clenstvi/pridruzeni-clenove/,ok,100,200,https://cvca.cz/clenstvi/pridruzeni-clenove/
list_a_cz,58,"Kocián Šolc Balaštík, advokátní kancelář",https://cvca.cz/clenstvi/pridruzeni-clenove/,ok,100,200,https://cvca.cz/clenstvi/pridruzeni-clenove/
list_a_cz,59,KPMG Česká republika,https://cvca.cz/clenstvi/pridruzeni-clenove/,ok,100,200,https://cvca.cz/clenstvi/pridruzeni-clenove/
list_a_cz,60,LHH,https://cvca.cz/clenstvi/pridruzeni-clenove/,ok,100,200,https://cvca.cz/clenstvi/pridruzeni-clenove/
list_a_cz,61,Marsh s.r.o.,https://cvca.cz/clenstvi/pridruzeni-clenove/,ok,100,200,https://cvca.cz/clenstvi/pridruzeni-clenove/
list_a_cz,62,Pale Fire Capital SE,https://cvca.cz/clenstvi/pridruzeni-clenove/,ok,100,200,https://cvca.cz/clenstvi/pridruzeni-clenove/
list_a_cz,63,Patria Corporate Finance,https://cvca.cz/clenstvi/pridruzeni-clenove/,ok,100,200,https://cvca.cz/clenstvi/pridruzeni-clenove/
list_a_cz,64,Pedersen & Partners,https://cvca.cz/clenstvi/pridruzeni-clenove/,ok,100,200,https://cvca.cz/clenstvi/pridruzeni-clenove/
list_a_cz,65,"PKF APOGEO Group, SE",https://cvca.cz/clenstvi/pridruzeni-clenove/,ok,100,200,https://cvca.cz/clenstvi/pridruzeni-clenove/
list_a_cz,66,PPF banka a.s.,https://cvca.cz/clenstvi/pridruzeni-clenove/,ok,100,200,https://cvca.cz/clenstvi/pridruzeni-clenove/
list_a_cz,67,PricewaterhouseCoopers ČR,https://cvca.cz/clenstvi/pridruzeni-clenove/,ok,100,200,https://cvca.cz/clenstvi/pridruzeni-clenove/
list_a_cz,68,PRK Partners,https://cvca.cz/clenstvi/pridruzeni-clenove/,ok,100,200,https://cvca.cz/clenstvi/pridruzeni-clenove/
list_a_cz,69,"QI investiční společnost, a.s.",https://cvca.cz/clenstvi/pridruzeni-clenove/,ok,100,200,https://cvca.cz/clenstvi/pridruzeni-clenove/
list_a_cz,70,Raiffeisenbank a.s.,https://cvca.cz/clenstvi/pridruzeni-clenove/,ok,100,200,https://cvca.cz/clenstvi/pridruzeni-clenove/
list_a_cz,71,RENOMIA,https://cvca.cz/clenstvi/pridruzeni-clenove/,ok,100,200,https://cvca.cz/clenstvi/pridruzeni-clenove/
list_a_cz,72,RSJ Investments,https://cvca.cz/clenstvi/pridruzeni-clenove/,ok,100,200,https://cvca.cz/clenstvi/pridruzeni-clenove/
list_a_cz,73,RSM CZ,https://cvca.cz/clenstvi/pridruzeni-clenove/,ok,100,200,https://cvca.cz/clenstvi/pridruzeni-clenove/
list_a_cz,74,SpenglerFox Czech Republic s.r.o.,https://cvca.cz/clenstvi/pridruzeni-clenove/,ok,100,200,https://cvca.cz/clenstvi/pridruzeni-clenove/
list_a_cz,75,"Squire Patton Boggs, v.o.s., advokátní kancelář",https://cvca.cz/clenstvi/pridruzeni-clenove/,ok,100,200,https://cvca.cz/clenstvi/pridruzeni-clenove/
list_a_cz,76,Stanton Chase Praha,https://cvca.cz/clenstvi/pridruzeni-clenove/,ok,100,200,https://cvca.cz/clenstvi/pridruzeni-clenove/
list_a_cz,77,Sušánka & partneři,https://cvca.cz/clenstvi/pridruzeni-clenove/,ok,100,200,https://cvca.cz/clenstvi/pridruzeni-clenove/
list_a_cz,78,TARPAN Partners s.r.o.,https://cvca.cz/clenstvi/pridruzeni-clenove/,ok,100,200,https://cvca.cz/clenstvi/pridruzeni-clenove/
list_a_cz,79,"TMF Czech, a.s.",https://cvca.cz/clenstvi/pridruzeni-clenove/,ok,100,200,https://cvca.cz/clenstvi/pridruzeni-clenove/
list_a_cz,80,"UniCredit Bank Czech Republic, a.s.",https://cvca.cz/clenstvi/pridruzeni-clenove/,ok,100,200,https://cvca.cz/clenstvi/pridruzeni-clenove/
list_a_cz,81,"White & Case, advokátní kancelář",https://cvca.cz/clenstvi/pridruzeni-clenove/,ok,100,200,https://cvca.cz/clenstvi/pridruzeni-clenove/
list_a_cz,82,"WOLF THEISS Rechtsanwälte GmbH & Co KG, organizační složka",https://cvca.cz/clenstvi/pridruzeni-clenove/,ok,100,200,https://cvca.cz/clenstvi/pridruzeni-clenove/
list_a_cz,83,WOOD & Company Financial Services,https://cvca.cz/clenstvi/pridruzeni-clenove/,ok,100,200,https://cvca.cz/clenstvi/pridruzeni-clenove/
list_a_cz,84,Lighthouse Ventures GP s.r.o.,https://www.eif.org/files/records/eif-backed-active-funds.pdf,ok,100,200,https://www.eif.org/files/records/eif-backed-active-funds.pdf
list_a_cz,85,Smart Management VC s.r.o.,https://www.eif.org/files/records/eif-backed-active-funds.pdf,ok,100,200,https://www.eif.org/files/records/eif-backed-active-funds.pdf
list_a_cz,86,DEPO Ventures One SCSp,https://www.nrb.cz/nri-dokoncila-vyber-venture-kapitaloveho-fondu-pro-program-fond-ukrajina/,ok,100,200,https://www.nrb.cz/nri-dokoncila-vyber-venture-kapitaloveho-fondu-pro-program-fond-ukrajina/
list_a_cz,87,DEPO Ventures Sàrl,https://www.nrb.cz/nri-dokoncila-vyber-venture-kapitaloveho-fondu-pro-program-fond-ukrajina/,ok,100,200,https://www.nrb.cz/nri-dokoncila-vyber-venture-kapitaloveho-fondu-pro-program-fond-ukrajina/
list_a_cz,88,Národní rozvojová investiční (NRI),https://www.nrb.cz/narodni-rozvojova-investicni-spolecne-s-mpo-pripravily-deeptech-fond-pro-startupy/,ok,100,200,https://www.nrb.cz/narodni-rozvojova-investicni-spolecne-s-mpo-pripravily-deeptech-fond-pro-startupy/
list_a_cz,89,IPO fond 2025+,https://www.nrb.cz/narodni-rozvojova-investicni-spolecne-s-mpo-pripravily-deeptech-fond-pro-startupy/,quote_not_found,55,200,https://www.nrb.cz/narodni-rozvojova-investicni-spolecne-s-mpo-pripravily-deeptech-fond-pro-startupy/
list_a_sk,0,ARX Equity Partners,https://www.slovca.sk/sk/clenstvo/riadni-clenovia.html,ok,100,200,https://www.slovca.sk/sk/clenstvo/riadni-clenovia.html
list_a_sk,1,CVI,https://www.slovca.sk/sk/clenstvo/riadni-clenovia.html,ok,100,200,https://www.slovca.sk/sk/clenstvo/riadni-clenovia.html
list_a_sk,2,Enterprise Investors,https://www.slovca.sk/sk/clenstvo/riadni-clenovia.html,ok,100,200,https://www.slovca.sk/sk/clenstvo/riadni-clenovia.html
list_a_sk,3,Eterus Capital,https://www.slovca.sk/sk/clenstvo/riadni-clenovia.html,ok,100,200,https://www.slovca.sk/sk/clenstvo/riadni-clenovia.html
list_a_sk,4,Fond inovácií a technológií,https://www.slovca.sk/sk/clenstvo/riadni-clenovia.html,ok,100,200,https://www.slovca.sk/sk/clenstvo/riadni-clenovia.html
list_a_sk,5,Genesis Capital,https://www.slovca.sk/sk/clenstvo/riadni-clenovia.html,ok,100,200,https://www.slovca.sk/sk/clenstvo/riadni-clenovia.html
list_a_sk,6,Jet Investment,https://www.slovca.sk/sk/clenstvo/riadni-clenovia.html,ok,100,200,https://www.slovca.sk/sk/clenstvo/riadni-clenovia.html
list_a_sk,7,Národný holdingový fond s.r.o.,https://www.slovca.sk/sk/clenstvo/riadni-clenovia.html,ok,100,200,https://www.slovca.sk/sk/clenstvo/riadni-clenovia.html
list_a_sk,8,Neulogy Ventures,https://www.slovca.sk/sk/clenstvo/riadni-clenovia.html,ok,100,200,https://www.slovca.sk/sk/clenstvo/riadni-clenovia.html
list_a_sk,9,Sandberg Capital,https://www.slovca.sk/sk/clenstvo/riadni-clenovia.html,ok,100,200,https://www.slovca.sk/sk/clenstvo/riadni-clenovia.html
list_a_sk,10,Venture to Future Fund,https://www.slovca.sk/sk/clenstvo/riadni-clenovia.html,ok,100,200,https://www.slovca.sk/sk/clenstvo/riadni-clenovia.html
list_a_sk,11,Vision Ventures,https://www.slovca.sk/sk/clenstvo/riadni-clenovia.html,ok,100,200,https://www.slovca.sk/sk/clenstvo/riadni-clenovia.html
list_a_sk,12,Across Private Investments,https://www.slovca.sk/sk/clenstvo/pridruzeni-clenovia.html,ok,100,200,https://www.slovca.sk/sk/clenstvo/pridruzeni-clenovia.html
list_a_sk,13,Aon,https://www.slovca.sk/sk/clenstvo/pridruzeni-clenovia.html,ok,100,200,https://www.slovca.sk/sk/clenstvo/pridruzeni-clenovia.html
list_a_sk,14,A&O Shearman,https://www.slovca.sk/sk/clenstvo/pridruzeni-clenovia.html,ok,100,200,https://www.slovca.sk/sk/clenstvo/pridruzeni-clenovia.html
list_a_sk,15,ASB Slovakia,https://www.slovca.sk/sk/clenstvo/pridruzeni-clenovia.html,ok,100,200,https://www.slovca.sk/sk/clenstvo/pridruzeni-clenovia.html
list_a_sk,16,Barger Prekop,https://www.slovca.sk/sk/clenstvo/pridruzeni-clenovia.html,ok,100,200,https://www.slovca.sk/sk/clenstvo/pridruzeni-clenovia.html
list_a_sk,17,BHM group,https://www.slovca.sk/sk/clenstvo/pridruzeni-clenovia.html,ok,100,200,https://www.slovca.sk/sk/clenstvo/pridruzeni-clenovia.html
list_a_sk,18,CMS Slovakia,https://www.slovca.sk/sk/clenstvo/pridruzeni-clenovia.html,ok,100,200,https://www.slovca.sk/sk/clenstvo/pridruzeni-clenovia.html
list_a_sk,19,ČSOB,https://www.slovca.sk/sk/clenstvo/pridruzeni-clenovia.html,ok,100,200,https://www.slovca.sk/sk/clenstvo/pridruzeni-clenovia.html
list_a_sk,20,Danube Capital Advisors,https://www.slovca.sk/sk/clenstvo/pridruzeni-clenovia.html,ok,100,200,https://www.slovca.sk/sk/clenstvo/pridruzeni-clenovia.html
list_a_sk,21,Dentons,https://www.slovca.sk/sk/clenstvo/pridruzeni-clenovia.html,ok,100,200,https://www.slovca.sk/sk/clenstvo/pridruzeni-clenovia.html
list_a_sk,22,HAVEL & PARTNERS,https://www.slovca.sk/sk/clenstvo/pridruzeni-clenovia.html,ok,100,200,https://www.slovca.sk/sk/clenstvo/pridruzeni-clenovia.html
list_a_sk,23,Highgate Law & Tax,https://www.slovca.sk/sk/clenstvo/pridruzeni-clenovia.html,ok,100,200,https://www.slovca.sk/sk/clenstvo/pridruzeni-clenovia.html
list_a_sk,24,HKV Law Firm,https://www.slovca.sk/sk/clenstvo/pridruzeni-clenovia.html,ok,100,200,https://www.slovca.sk/sk/clenstvo/pridruzeni-clenovia.html
list_a_sk,25,HILLBRIDGES,https://www.slovca.sk/sk/clenstvo/pridruzeni-clenovia.html,ok,100,200,https://www.slovca.sk/sk/clenstvo/pridruzeni-clenovia.html
list_a_sk,26,G4 INVESTMENTS,https://www.slovca.sk/sk/clenstvo/pridruzeni-clenovia.html,ok,100,200,https://www.slovca.sk/sk/clenstvo/pridruzeni-clenovia.html
list_a_sk,27,Finhold,https://www.slovca.sk/sk/clenstvo/pridruzeni-clenovia.html,ok,100,200,https://www.slovca.sk/sk/clenstvo/pridruzeni-clenovia.html
list_a_sk,28,M3 Partners s.r.o.,https://www.slovca.sk/sk/clenstvo/pridruzeni-clenovia.html,ok,100,200,https://www.slovca.sk/sk/clenstvo/pridruzeni-clenovia.html
list_a_sk,29,Forvis Mazars Slovensko,https://www.slovca.sk/sk/clenstvo/pridruzeni-clenovia.html,ok,100,200,https://www.slovca.sk/sk/clenstvo/pridruzeni-clenovia.html
list_a_sk,30,Ments,https://www.slovca.sk/sk/clenstvo/pridruzeni-clenovia.html,ok,100,200,https://www.slovca.sk/sk/clenstvo/pridruzeni-clenovia.html
list_a_sk,31,KPMG Slovakia,https://www.slovca.sk/sk/clenstvo/pridruzeni-clenovia.html,ok,100,200,https://www.slovca.sk/sk/clenstvo/pridruzeni-clenovia.html
list_a_sk,32,Noerr,https://www.slovca.sk/sk/clenstvo/pridruzeni-clenovia.html,ok,100,200,https://www.slovca.sk/sk/clenstvo/pridruzeni-clenovia.html
list_a_sk,33,Howden,https://www.slovca.sk/sk/clenstvo/pridruzeni-clenovia.html,ok,100,200,https://www.slovca.sk/sk/clenstvo/pridruzeni-clenovia.html
list_a_sk,34,PFCEU,https://www.slovca.sk/sk/clenstvo/pridruzeni-clenovia.html,ok,100,200,https://www.slovca.sk/sk/clenstvo/pridruzeni-clenovia.html
list_a_sk,35,PwC,https://www.slovca.sk/sk/clenstvo/pridruzeni-clenovia.html,ok,100,200,https://www.slovca.sk/sk/clenstvo/pridruzeni-clenovia.html
list_a_sk,36,Slovak Investment Holding,https://www.slovca.sk/sk/clenstvo/pridruzeni-clenovia.html,ok,100,200,https://www.slovca.sk/sk/clenstvo/pridruzeni-clenovia.html
list_a_sk,37,Montward,https://www.slovca.sk/sk/clenstvo/pridruzeni-clenovia.html,ok,100,200,https://www.slovca.sk/sk/clenstvo/pridruzeni-clenovia.html
list_a_sk,38,Majerník & Miháliková,https://www.slovca.sk/sk/clenstvo/pridruzeni-clenovia.html,ok,100,200,https://www.slovca.sk/sk/clenstvo/pridruzeni-clenovia.html
list_a_sk,39,TaylorWessing,https://www.slovca.sk/sk/clenstvo/pridruzeni-clenovia.html,ok,100,200,https://www.slovca.sk/sk/clenstvo/pridruzeni-clenovia.html
list_a_sk,40,V4 Legal,https://www.slovca.sk/sk/clenstvo/pridruzeni-clenovia.html,ok,100,200,https://www.slovca.sk/sk/clenstvo/pridruzeni-clenovia.html
list_a_sk,41,CLA Slovakia,https://www.slovca.sk/sk/clenstvo/pridruzeni-clenovia.html,ok,100,200,https://www.slovca.sk/sk/clenstvo/pridruzeni-clenovia.html
list_a_sk,42,Wezeo,https://www.slovca.sk/sk/clenstvo/pridruzeni-clenovia.html,ok,100,200,https://www.slovca.sk/sk/clenstvo/pridruzeni-clenovia.html
list_a_sk,43,Vision Ventures,https://www.sih.sk/investicie/investicie-cez-financnych-sprostredkovatelov/vision-ventures-kapitalova-investicia,ok,100,200,https://www.sih.sk/investicie/investicie-cez-financnych-sprostredkovatelov/vision-ventures-kapitalova-investicia
list_a_sk,44,Neulogy Ventures,https://www.sih.sk/investicie/investicie-cez-financnych-sprostredkovatelov/neulogy-ventures-kapitalova-investicia,quote_not_found,49,200,https://www.sih.sk/investicie/investicie-cez-financnych-sprostredkovatelov/neulogy-ventures-kapitalova-investicia
list_a_sk,45,Zero Gravity Capital,https://www.sih.sk/en/investicie/investicie-cez-financnych-sprostredkovatelov/zero-gravity-capital-kapitalova-investicia,ok,100,200,https://www.sih.sk/en/investicie/investicie-cez-financnych-sprostredkovatelov/zero-gravity-capital-kapitalova-investicia
list_a_sk,46,CB Investment Management,https://www.sih.sk/en/investicie/investicie-cez-financnych-sprostredkovatelov/cb-investment-management-kapitalova-investicia,quote_not_found,72,200,https://www.sih.sk/en/investicie/investicie-cez-financnych-sprostredkovatelov/cb-investment-management-kapitalova-investicia
list_a_sk,47,Venture to Future Fund,https://www.sih.sk/aktuality/venture-to-future-fund-increases-capital-by-eur-15-3-million-to-support-slovak-startups,url_dead,,404,https://www.sih.sk/aktuality/venture-to-future-fund-increases-capital-by-eur-15-3-million-to-support-slovak-startups
list_a_sk,48,"Slovak Capital Management, a. s.",https://www.sih.sk/stranky/cinnosti/slovak-asset-management,ok,100,200,https://www.sih.sk/stranky/cinnosti/slovak-asset-management
list_a_sk,49,Slovak Investment Holding,https://www.sih.sk/stranky/o-nas/o-spolocnosti,ok,100,200,https://www.sih.sk/stranky/o-nas/o-spolocnosti
list_a_sk,50,Seed Starter,https://www.sih.sk/en/aktuality/slovensky-startup-resitech-ziskal-pol-miliona-eur-na-dalsi-rast,ok,100,200,https://www.sih.sk/en/aktuality/slovensky-startup-resitech-ziskal-pol-miliona-eur-na-dalsi-rast
list_a_sk,51,Neulogy Ventures a.s.,https://www.eif.org/files/records/eif-backed-active-funds.pdf,ok,100,200,https://www.eif.org/files/records/eif-backed-active-funds.pdf
list_b_cz,0,Earlybird,https://www.eu-startups.com/2025/07/czech-startup-topk-raises-e4-6-million-to-build-an-ai-native-search-engine-for-enterprises/,ok,100,200,https://www.eu-startups.com/2025/07/czech-startup-topk-raises-e4-6-million-to-build-an-ai-native-search-engine-for-enterprises/
list_b_cz,1,KAYA,https://www.eu-startups.com/2025/07/czech-startup-topk-raises-e4-6-million-to-build-an-ai-native-search-engine-for-enterprises/,ok,100,200,https://www.eu-startups.com/2025/07/czech-startup-topk-raises-e4-6-million-to-build-an-ai-native-search-engine-for-enterprises/
list_b_cz,2,Irregular Expressions,https://www.eu-startups.com/2025/07/czech-startup-topk-raises-e4-6-million-to-build-an-ai-native-search-engine-for-enterprises/,ok,100,200,https://www.eu-startups.com/2025/07/czech-startup-topk-raises-e4-6-million-to-build-an-ai-native-search-engine-for-enterprises/
list_b_cz,3,Seventure Partners,https://www.eu-startups.com/2026/06/czech-cybersecurity-startup-wultra-lands-e6-8-million-to-support-europes-digital-identity-wallet-rollout/,ok,100,200,https://www.eu-startups.com/2026/06/czech-cybersecurity-startup-wultra-lands-e6-8-million-to-support-europes-digital-identity-wallet-rollout/
list_b_cz,4,J&T Ventures,https://www.eu-startups.com/2026/06/czech-cybersecurity-startup-wultra-lands-e6-8-million-to-support-europes-digital-identity-wallet-rollout/,ok,100,200,https://www.eu-startups.com/2026/06/czech-cybersecurity-startup-wultra-lands-e6-8-million-to-support-europes-digital-identity-wallet-rollout/
list_b_cz,5,Elevator Ventures,https://www.eu-startups.com/2026/06/czech-cybersecurity-startup-wultra-lands-e6-8-million-to-support-europes-digital-identity-wallet-rollout/,ok,100,200,https://www.eu-startups.com/2026/06/czech-cybersecurity-startup-wultra-lands-e6-8-million-to-support-europes-digital-identity-wallet-rollout/
list_b_cz,6,Taiwania Capital,https://www.eu-startups.com/2024/01/prague-based-travel-platform-daytrip-lands-e9-2-million-series-b-to-expand-door-to-door-transfers-internationally/,ok,100,200,https://www.eu-startups.com/2024/01/prague-based-travel-platform-daytrip-lands-e9-2-million-series-b-to-expand-door-to-door-transfers-internationally/
list_b_cz,7,Euroventures,https://www.eu-startups.com/2024/01/prague-based-travel-platform-daytrip-lands-e9-2-million-series-b-to-expand-door-to-door-transfers-internationally/,ok,100,200,https://www.eu-startups.com/2024/01/prague-based-travel-platform-daytrip-lands-e9-2-million-series-b-to-expand-door-to-door-transfers-internationally/
list_b_cz,8,J&T Ventures,https://www.eu-startups.com/2024/01/prague-based-travel-platform-daytrip-lands-e9-2-million-series-b-to-expand-door-to-door-transfers-internationally/,ok,100,200,https://www.eu-startups.com/2024/01/prague-based-travel-platform-daytrip-lands-e9-2-million-series-b-to-expand-door-to-door-transfers-internationally/
list_b_cz,9,N1,https://www.eu-startups.com/2024/01/prague-based-travel-platform-daytrip-lands-e9-2-million-series-b-to-expand-door-to-door-transfers-internationally/,ok,100,200,https://www.eu-startups.com/2024/01/prague-based-travel-platform-daytrip-lands-e9-2-million-series-b-to-expand-door-to-door-transfers-internationally/
list_b_cz,10,J&T Ventures,https://www.eu-startups.com/2024/02/prague-based-choice-raises-e2-3-million-to-help-restaurants-digitize-their-customer-base-and-increase-customer-retention/,ok,100,200,https://www.eu-startups.com/2024/02/prague-based-choice-raises-e2-3-million-to-help-restaurants-digitize-their-customer-base-and-increase-customer-retention/
list_b_cz,11,Reflex Capital,https://www.eu-startups.com/2024/02/prague-based-choice-raises-e2-3-million-to-help-restaurants-digitize-their-customer-base-and-increase-customer-retention/,ok,100,200,https://www.eu-startups.com/2024/02/prague-based-choice-raises-e2-3-million-to-help-restaurants-digitize-their-customer-base-and-increase-customer-retention/
list_b_cz,12,Presto Ventures,https://www.eu-startups.com/2024/02/prague-based-choice-raises-e2-3-million-to-help-restaurants-digitize-their-customer-base-and-increase-customer-retention/,ok,100,200,https://www.eu-startups.com/2024/02/prague-based-choice-raises-e2-3-million-to-help-restaurants-digitize-their-customer-base-and-increase-customer-retention/
list_b_cz,13,Purple Ventures II,https://www.eu-startups.com/2024/09/prague-based-hr-startup-sloneek-secures-e3-6-million-for-european-expansion/,ok,100,200,https://www.eu-startups.com/2024/09/prague-based-hr-startup-sloneek-secures-e3-6-million-for-european-expansion/
list_b_cz,14,Venture to Future Fund,https://www.eu-startups.com/2024/09/prague-based-hr-startup-sloneek-secures-e3-6-million-for-european-expansion/,ok,100,200,https://www.eu-startups.com/2024/09/prague-based-hr-startup-sloneek-secures-e3-6-million-for-european-expansion/
list_b_cz,15,Vision Ventures,https://www.eu-startups.com/2024/09/prague-based-hr-startup-sloneek-secures-e3-6-million-for-european-expansion/,ok,100,200,https://www.eu-startups.com/2024/09/prague-based-hr-startup-sloneek-secures-e3-6-million-for-european-expansion/
list_b_cz,16,42Cap,https://www.eu-startups.com/2025/06/czech-startup-waypoint-ai-raises-e2-7-million-to-deploy-ai-powered-support-engineer/,ok,99,200,https://www.eu-startups.com/2025/06/czech-startup-waypoint-ai-raises-e2-7-million-to-deploy-ai-powered-support-engineer/
list_b_cz,17,Dreamcraft Ventures,https://www.eu-startups.com/2025/06/czech-startup-waypoint-ai-raises-e2-7-million-to-deploy-ai-powered-support-engineer/,ok,99,200,https://www.eu-startups.com/2025/06/czech-startup-waypoint-ai-raises-e2-7-million-to-deploy-ai-powered-support-engineer/
list_b_cz,18,Berkley SkyDeck Fund,https://www.eu-startups.com/2025/06/czech-startup-waypoint-ai-raises-e2-7-million-to-deploy-ai-powered-support-engineer/,ok,99,200,https://www.eu-startups.com/2025/06/czech-startup-waypoint-ai-raises-e2-7-million-to-deploy-ai-powered-support-engineer/
list_b_cz,19,Lumiere AI Ventures,https://www.eu-startups.com/2025/06/czech-startup-waypoint-ai-raises-e2-7-million-to-deploy-ai-powered-support-engineer/,ok,99,200,https://www.eu-startups.com/2025/06/czech-startup-waypoint-ai-raises-e2-7-million-to-deploy-ai-powered-support-engineer/
list_b_cz,20,Gi21 Capital,https://www.eu-startups.com/2026/05/pragues-zerops-raises-e1-7-million-to-close-the-gap-between-development-and-production-in-cloud-infrastructure/,ok,100,200,https://www.eu-startups.com/2026/05/pragues-zerops-raises-e1-7-million-to-close-the-gap-between-development-and-production-in-cloud-infrastructure/
list_b_cz,21,FORWARD.one,https://www.eu-startups.com/2026/04/czech-startup-edmund-raises-e2-5-million-to-expand-its-ai-debugging-platform-for-industrial-maintenance/,ok,100,200,https://www.eu-startups.com/2026/04/czech-startup-edmund-raises-e2-5-million-to-expand-its-ai-debugging-platform-for-industrial-maintenance/
list_b_cz,22,University2Ventures,https://www.eu-startups.com/2026/04/czech-startup-edmund-raises-e2-5-million-to-expand-its-ai-debugging-platform-for-industrial-maintenance/,ok,100,200,https://www.eu-startups.com/2026/04/czech-startup-edmund-raises-e2-5-million-to-expand-its-ai-debugging-platform-for-industrial-maintenance/
list_b_cz,23,Tensor Ventures,https://www.eu-startups.com/2026/04/czech-startup-edmund-raises-e2-5-million-to-expand-its-ai-debugging-platform-for-industrial-maintenance/,ok,100,200,https://www.eu-startups.com/2026/04/czech-startup-edmund-raises-e2-5-million-to-expand-its-ai-debugging-platform-for-industrial-maintenance/
list_b_cz,24,DTCP,https://cc.cz/i-cesko-ma-miliardoveho-ai-sampiona-startupovy-pionyr-nabral-se-svou-firmou-dalsich-600-milionu/,ok,100,200,https://cc.cz/i-cesko-ma-miliardoveho-ai-sampiona-startupovy-pionyr-nabral-se-svou-firmou-dalsich-600-milionu/
list_b_cz,25,Google Ventures,https://cc.cz/i-cesko-ma-miliardoveho-ai-sampiona-startupovy-pionyr-nabral-se-svou-firmou-dalsich-600-milionu/,ok,100,200,https://cc.cz/i-cesko-ma-miliardoveho-ai-sampiona-startupovy-pionyr-nabral-se-svou-firmou-dalsich-600-milionu/
list_b_cz,26,Experian,https://cc.cz/i-cesko-ma-miliardoveho-ai-sampiona-startupovy-pionyr-nabral-se-svou-firmou-dalsich-600-milionu/,ok,100,200,https://cc.cz/i-cesko-ma-miliardoveho-ai-sampiona-startupovy-pionyr-nabral-se-svou-firmou-dalsich-600-milionu/
list_b_cz,27,Category Ventures,https://www.lupa.cz/aktuality/cesky-startup-byvaleho-inzenyra-v-nvidii-a-googlu-ziskal-160-milionu-na-ai-pro-zvladani-byrokracie/,ok,100,200,https://www.lupa.cz/aktuality/cesky-startup-byvaleho-inzenyra-v-nvidii-a-googlu-ziskal-160-milionu-na-ai-pro-zvladani-byrokracie/
list_b_cz,28,Long Journey Ventures,https://www.lupa.cz/aktuality/cesky-startup-byvaleho-inzenyra-v-nvidii-a-googlu-ziskal-160-milionu-na-ai-pro-zvladani-byrokracie/,ok,100,200,https://www.lupa.cz/aktuality/cesky-startup-byvaleho-inzenyra-v-nvidii-a-googlu-ziskal-160-milionu-na-ai-pro-zvladani-byrokracie/
list_b_cz,29,10VC,https://www.lupa.cz/aktuality/cesky-startup-byvaleho-inzenyra-v-nvidii-a-googlu-ziskal-160-milionu-na-ai-pro-zvladani-byrokracie/,ok,100,200,https://www.lupa.cz/aktuality/cesky-startup-byvaleho-inzenyra-v-nvidii-a-googlu-ziskal-160-milionu-na-ai-pro-zvladani-byrokracie/
list_b_cz,30,N1 Ventures,https://www.lupa.cz/aktuality/cesky-startup-byvaleho-inzenyra-v-nvidii-a-googlu-ziskal-160-milionu-na-ai-pro-zvladani-byrokracie/,ok,100,200,https://www.lupa.cz/aktuality/cesky-startup-byvaleho-inzenyra-v-nvidii-a-googlu-ziskal-160-milionu-na-ai-pro-zvladani-byrokracie/
list_b_cz,31,Plug and Play Tech Center,https://www.lupa.cz/aktuality/cesky-startup-byvaleho-inzenyra-v-nvidii-a-googlu-ziskal-160-milionu-na-ai-pro-zvladani-byrokracie/,ok,100,200,https://www.lupa.cz/aktuality/cesky-startup-byvaleho-inzenyra-v-nvidii-a-googlu-ziskal-160-milionu-na-ai-pro-zvladani-byrokracie/
list_b_cz,32,Breakwater VC,https://www.lupa.cz/aktuality/cesky-startup-byvaleho-inzenyra-v-nvidii-a-googlu-ziskal-160-milionu-na-ai-pro-zvladani-byrokracie/,ok,100,200,https://www.lupa.cz/aktuality/cesky-startup-byvaleho-inzenyra-v-nvidii-a-googlu-ziskal-160-milionu-na-ai-pro-zvladani-byrokracie/
list_b_cz,33,Caesar VC,https://www.lupa.cz/aktuality/cesky-startup-byvaleho-inzenyra-v-nvidii-a-googlu-ziskal-160-milionu-na-ai-pro-zvladani-byrokracie/,ok,100,200,https://www.lupa.cz/aktuality/cesky-startup-byvaleho-inzenyra-v-nvidii-a-googlu-ziskal-160-milionu-na-ai-pro-zvladani-byrokracie/
list_b_cz,34,BD Partners,https://www.lupa.cz/aktuality/cesky-startup-byvaleho-inzenyra-v-nvidii-a-googlu-ziskal-160-milionu-na-ai-pro-zvladani-byrokracie/,ok,100,200,https://www.lupa.cz/aktuality/cesky-startup-byvaleho-inzenyra-v-nvidii-a-googlu-ziskal-160-milionu-na-ai-pro-zvladani-byrokracie/
list_b_cz,35,Preston-Werner Ventures,https://www.lupa.cz/aktuality/cesky-startup-byvaleho-inzenyra-v-nvidii-a-googlu-ziskal-160-milionu-na-ai-pro-zvladani-byrokracie/,ok,100,200,https://www.lupa.cz/aktuality/cesky-startup-byvaleho-inzenyra-v-nvidii-a-googlu-ziskal-160-milionu-na-ai-pro-zvladani-byrokracie/
list_b_cz,36,European Bank for Reconstruction and Development (EBRD),https://www.eu-startups.com/2024/06/prague-based-rohlik-group-secures-e160-million-to-expand-its-food-retail-tech-in-dach-and-cee-markets/,ok,100,200,https://www.eu-startups.com/2024/06/prague-based-rohlik-group-secures-e160-million-to-expand-its-food-retail-tech-in-dach-and-cee-markets/
list_b_cz,37,Sofina,https://www.eu-startups.com/2024/06/prague-based-rohlik-group-secures-e160-million-to-expand-its-food-retail-tech-in-dach-and-cee-markets/,ok,100,200,https://www.eu-startups.com/2024/06/prague-based-rohlik-group-secures-e160-million-to-expand-its-food-retail-tech-in-dach-and-cee-markets/
list_b_cz,38,Index Ventures,https://www.eu-startups.com/2024/06/prague-based-rohlik-group-secures-e160-million-to-expand-its-food-retail-tech-in-dach-and-cee-markets/,ok,100,200,https://www.eu-startups.com/2024/06/prague-based-rohlik-group-secures-e160-million-to-expand-its-food-retail-tech-in-dach-and-cee-markets/
list_b_cz,39,Quadrille,https://www.eu-startups.com/2024/06/prague-based-rohlik-group-secures-e160-million-to-expand-its-food-retail-tech-in-dach-and-cee-markets/,ok,100,200,https://www.eu-startups.com/2024/06/prague-based-rohlik-group-secures-e160-million-to-expand-its-food-retail-tech-in-dach-and-cee-markets/
list_b_cz,40,TCF Capital,https://www.eu-startups.com/2024/06/prague-based-rohlik-group-secures-e160-million-to-expand-its-food-retail-tech-in-dach-and-cee-markets/,ok,100,200,https://www.eu-startups.com/2024/06/prague-based-rohlik-group-secures-e160-million-to-expand-its-food-retail-tech-in-dach-and-cee-markets/
list_b_cz,41,European Investment Bank (EIB),https://www.eu-startups.com/2024/06/prague-based-rohlik-group-secures-e160-million-to-expand-its-food-retail-tech-in-dach-and-cee-markets/,ok,100,200,https://www.eu-startups.com/2024/06/prague-based-rohlik-group-secures-e160-million-to-expand-its-food-retail-tech-in-dach-and-cee-markets/
list_b_cz,42,Lighthouse Ventures,https://www.eu-startups.com/2025/11/ranketta-built-by-a-21-year-old-czech-ai-researcher-lands-e1-million-to-measure-brand-presence-in-llms/,ok,100,200,https://www.eu-startups.com/2025/11/ranketta-built-by-a-21-year-old-czech-ai-researcher-lands-e1-million-to-measure-brand-presence-in-llms/
list_b_cz,43,Gi21 Capital,https://www.eu-startups.com/2025/11/ranketta-built-by-a-21-year-old-czech-ai-researcher-lands-e1-million-to-measure-brand-presence-in-llms/,ok,100,200,https://www.eu-startups.com/2025/11/ranketta-built-by-a-21-year-old-czech-ai-researcher-lands-e1-million-to-measure-brand-presence-in-llms/
list_b_cz,44,JIC Ventures,https://forbes.cz/jic-ventures-investuje-do-faceup-cesky-startup-ziskal-pres-110-milionu-korun-na-globalni-expanzi/,ok,100,200,https://forbes.cz/jic-ventures-investuje-do-faceup-cesky-startup-ziskal-pres-110-milionu-korun-na-globalni-expanzi/
list_b_cz,45,Creandum,https://therecursive.com/equilibre-technologies-raises-series-a-at-eur438m-valuation-to-scale-ai-trading-agents,ok,100,200,https://www.therecursive.com/equilibre-technologies-raises-series-a-at-eur438m-valuation-to-scale-ai-trading-agents/
list_b_cz,46,Impact Ventures,https://www.eu-startups.com/2024/01/prague-based-hedepy-gets-e1-75-million-to-spread-online-psychotherapy-around-the-world/,ok,100,200,https://www.eu-startups.com/2024/01/prague-based-hedepy-gets-e1-75-million-to-spread-online-psychotherapy-around-the-world/
list_b_cz,47,Nation 1,https://www.eu-startups.com/2024/01/prague-based-hedepy-gets-e1-75-million-to-spread-online-psychotherapy-around-the-world/,ok,100,200,https://www.eu-startups.com/2024/01/prague-based-hedepy-gets-e1-75-million-to-spread-online-psychotherapy-around-the-world/
list_b_cz,48,AspectWorks Group,https://www.eu-startups.com/2024/01/prague-based-hedepy-gets-e1-75-million-to-spread-online-psychotherapy-around-the-world/,ok,100,200,https://www.eu-startups.com/2024/01/prague-based-hedepy-gets-e1-75-million-to-spread-online-psychotherapy-around-the-world/
list_b_cz,49,Credo Ventures,https://cc.cz/ceska-umela-inteligence-pise-za-psychoterapeuty-poznamky-ze-sezeni-od-investoru-nabrala-pres-70-milionu/,ok,100,200,https://cc.cz/ceska-umela-inteligence-pise-za-psychoterapeuty-poznamky-ze-sezeni-od-investoru-nabrala-pres-70-milionu/
list_b_cz,50,Kaya Ventures,https://cc.cz/ceska-umela-inteligence-pise-za-psychoterapeuty-poznamky-ze-sezeni-od-investoru-nabrala-pres-70-milionu/,ok,100,200,https://cc.cz/ceska-umela-inteligence-pise-za-psychoterapeuty-poznamky-ze-sezeni-od-investoru-nabrala-pres-70-milionu/
list_b_cz,51,Inovia Capital,https://cc.cz/ceska-umela-inteligence-pise-za-psychoterapeuty-poznamky-ze-sezeni-od-investoru-nabrala-pres-70-milionu/,ok,100,200,https://cc.cz/ceska-umela-inteligence-pise-za-psychoterapeuty-poznamky-ze-sezeni-od-investoru-nabrala-pres-70-milionu/
list_b_cz,52,JIC Ventures,https://www.lupa.cz/aktuality/cech-hodla-s-ai-namlouvat-audioknihy-pro-svetove-vydavatele-s-novymi-miliony-to-chce-zkusit-z-ameriky,ok,100,200,https://www.lupa.cz/aktuality/cech-hodla-s-ai-namlouvat-audioknihy-pro-svetove-vydavatele-s-novymi-miliony-to-chce-zkusit-z-ameriky/
list_b_cz,53,Středočeské inovační centrum,https://www.lupa.cz/aktuality/cech-hodla-s-ai-namlouvat-audioknihy-pro-svetove-vydavatele-s-novymi-miliony-to-chce-zkusit-z-ameriky,ok,100,200,https://www.lupa.cz/aktuality/cech-hodla-s-ai-namlouvat-audioknihy-pro-svetove-vydavatele-s-novymi-miliony-to-chce-zkusit-z-ameriky/
list_b_cz,54,Bond Ventures,https://www.lupa.cz/aktuality/cech-hodla-s-ai-namlouvat-audioknihy-pro-svetove-vydavatele-s-novymi-miliony-to-chce-zkusit-z-ameriky,ok,100,200,https://www.lupa.cz/aktuality/cech-hodla-s-ai-namlouvat-audioknihy-pro-svetove-vydavatele-s-novymi-miliony-to-chce-zkusit-z-ameriky/
list_b_cz,55,Purple Ventures,https://cc.cz/prvni-kolo-pohovoru-dela-umela-inteligence-v-cezu-i-bageterii-boulevard-jeji-tvurci-ted-ziskali-25-milionu/,ok,100,200,https://cc.cz/prvni-kolo-pohovoru-dela-umela-inteligence-v-cezu-i-bageterii-boulevard-jeji-tvurci-ted-ziskali-25-milionu/
list_b_cz,56,Venture to Future Fund,https://cc.cz/prvni-kolo-pohovoru-dela-umela-inteligence-v-cezu-i-bageterii-boulevard-jeji-tvurci-ted-ziskali-25-milionu/,ok,100,200,https://cc.cz/prvni-kolo-pohovoru-dela-umela-inteligence-v-cezu-i-bageterii-boulevard-jeji-tvurci-ted-ziskali-25-milionu/
list_b_cz,57,Taiwania Capital,https://tech.eu/2025/09/30/supernova-raises-92-million-series-a-to-bring-ai-powered-vibe-coding-to-enterprise-product-teams/,ok,100,200,https://tech.eu/2025/09/30/supernova-raises-92-million-series-a-to-bring-ai-powered-vibe-coding-to-enterprise-product-teams/
list_b_cz,58,J&T Ventures,https://tech.eu/2025/09/30/supernova-raises-92-million-series-a-to-bring-ai-powered-vibe-coding-to-enterprise-product-teams/,ok,100,200,https://tech.eu/2025/09/30/supernova-raises-92-million-series-a-to-bring-ai-powered-vibe-coding-to-enterprise-product-teams/
list_b_cz,59,Reflex Capital,https://tech.eu/2025/09/30/supernova-raises-92-million-series-a-to-bring-ai-powered-vibe-coding-to-enterprise-product-teams/,ok,100,200,https://tech.eu/2025/09/30/supernova-raises-92-million-series-a-to-bring-ai-powered-vibe-coding-to-enterprise-product-teams/
list_b_cz,60,Kaya,https://tech.eu/2025/09/30/supernova-raises-92-million-series-a-to-bring-ai-powered-vibe-coding-to-enterprise-product-teams/,ok,100,200,https://tech.eu/2025/09/30/supernova-raises-92-million-series-a-to-bring-ai-powered-vibe-coding-to-enterprise-product-teams/
list_b_cz,61,Credo Ventures,https://tech.eu/2025/09/30/supernova-raises-92-million-series-a-to-bring-ai-powered-vibe-coding-to-enterprise-product-teams/,ok,100,200,https://tech.eu/2025/09/30/supernova-raises-92-million-series-a-to-bring-ai-powered-vibe-coding-to-enterprise-product-teams/
list_b_cz,62,EQT Ventures,https://tech.eu/2025/09/30/supernova-raises-92-million-series-a-to-bring-ai-powered-vibe-coding-to-enterprise-product-teams/,ok,100,200,https://tech.eu/2025/09/30/supernova-raises-92-million-series-a-to-bring-ai-powered-vibe-coding-to-enterprise-product-teams/
list_b_cz,63,Wing VC,https://tech.eu/2025/09/30/supernova-raises-92-million-series-a-to-bring-ai-powered-vibe-coding-to-enterprise-product-teams/,ok,100,200,https://tech.eu/2025/09/30/supernova-raises-92-million-series-a-to-bring-ai-powered-vibe-coding-to-enterprise-product-teams/
list_b_cz,64,Y Combinator,https://tech.eu/2025/09/30/supernova-raises-92-million-series-a-to-bring-ai-powered-vibe-coding-to-enterprise-product-teams/,ok,100,200,https://tech.eu/2025/09/30/supernova-raises-92-million-series-a-to-bring-ai-powered-vibe-coding-to-enterprise-product-teams/
list_b_cz,65,Genesis Growth Equity Fund I,https://www.eu-startups.com/2024/08/prague-based-bookbot-gets-e4-million-to-expand-second-hand-online-bookstore-in-dach-market/,ok,100,200,https://www.eu-startups.com/2024/08/prague-based-bookbot-gets-e4-million-to-expand-second-hand-online-bookstore-in-dach-market/
list_b_cz,66,Miton,https://www.eu-startups.com/2024/08/prague-based-bookbot-gets-e4-million-to-expand-second-hand-online-bookstore-in-dach-market/,ok,100,200,https://www.eu-startups.com/2024/08/prague-based-bookbot-gets-e4-million-to-expand-second-hand-online-bookstore-in-dach-market/
list_b_sk,0,Jet Ventures,https://siliconcanals.com/slovakia-cequence-secures-2m/,ok,100,200,https://siliconcanals.com/slovakia-cequence-secures-2m/
list_b_sk,1,Look AI Ventures,https://siliconcanals.com/slovakia-cequence-secures-2m/,ok,100,200,https://siliconcanals.com/slovakia-cequence-secures-2m/
list_b_sk,2,Seed Starter,https://en.ain.ua/2025/03/14/slovak-fintech-vestberry-secures-eur22m,ok,100,200,https://en.ain.ua/2025/03/14/slovak-fintech-vestberry-secures-eur22m/
list_b_sk,3,Venture to Future Fund,https://en.ain.ua/2025/03/14/slovak-fintech-vestberry-secures-eur22m,ok,100,200,https://en.ain.ua/2025/03/14/slovak-fintech-vestberry-secures-eur22m/
list_b_sk,4,Zero One Hundred,https://en.ain.ua/2025/03/14/slovak-fintech-vestberry-secures-eur22m,ok,100,200,https://en.ain.ua/2025/03/14/slovak-fintech-vestberry-secures-eur22m/
list_b_sk,5,J&T Ventures,https://therecursive.com/slovak-definic-seed-round-ai-vendor-intelligence-platform/,ok,99,200,https://www.therecursive.com/slovak-definic-seed-round-ai-vendor-intelligence-platform/
list_b_sk,6,Seed Starter ČS,https://therecursive.com/slovak-definic-seed-round-ai-vendor-intelligence-platform/,ok,100,200,https://www.therecursive.com/slovak-definic-seed-round-ai-vendor-intelligence-platform/
list_b_sk,7,Slovak Investment Holding,https://therecursive.com/slovak-definic-seed-round-ai-vendor-intelligence-platform/,ok,100,200,https://www.therecursive.com/slovak-definic-seed-round-ai-vendor-intelligence-platform/
list_b_sk,8,KPN Ventures,https://www.eu-startups.com/2024/01/bratislava-based-cloudtalk-raised-e25-million-series-b-to-lead-the-new-era-of-ai-powered-voice-communication/,ok,100,200,https://www.eu-startups.com/2024/01/bratislava-based-cloudtalk-raised-e25-million-series-b-to-lead-the-new-era-of-ai-powered-voice-communication/
list_b_sk,9,Lead Ventures,https://www.eu-startups.com/2024/01/bratislava-based-cloudtalk-raised-e25-million-series-b-to-lead-the-new-era-of-ai-powered-voice-communication/,ok,100,200,https://www.eu-startups.com/2024/01/bratislava-based-cloudtalk-raised-e25-million-series-b-to-lead-the-new-era-of-ai-powered-voice-communication/
list_b_sk,10,Point Nine Capital,https://www.eu-startups.com/2024/01/bratislava-based-cloudtalk-raised-e25-million-series-b-to-lead-the-new-era-of-ai-powered-voice-communication/,ok,100,200,https://www.eu-startups.com/2024/01/bratislava-based-cloudtalk-raised-e25-million-series-b-to-lead-the-new-era-of-ai-powered-voice-communication/
list_b_sk,11,henQ,https://www.eu-startups.com/2024/01/bratislava-based-cloudtalk-raised-e25-million-series-b-to-lead-the-new-era-of-ai-powered-voice-communication/,ok,100,200,https://www.eu-startups.com/2024/01/bratislava-based-cloudtalk-raised-e25-million-series-b-to-lead-the-new-era-of-ai-powered-voice-communication/
list_b_sk,12,Presto Ventures,https://www.eu-startups.com/2024/01/bratislava-based-cloudtalk-raised-e25-million-series-b-to-lead-the-new-era-of-ai-powered-voice-communication/,ok,100,200,https://www.eu-startups.com/2024/01/bratislava-based-cloudtalk-raised-e25-million-series-b-to-lead-the-new-era-of-ai-powered-voice-communication/
list_b_sk,13,Orbit Capital,https://www.eu-startups.com/2024/01/bratislava-based-cloudtalk-raised-e25-million-series-b-to-lead-the-new-era-of-ai-powered-voice-communication/,ok,100,200,https://www.eu-startups.com/2024/01/bratislava-based-cloudtalk-raised-e25-million-series-b-to-lead-the-new-era-of-ai-powered-voice-communication/
list_b_sk,14,European Innovation Council,https://en.ain.ua/2024/03/04/powerful-medical-receives-7-5m-from-eic,ok,100,200,https://en.ain.ua/2024/03/04/powerful-medical-receives-7-5m-from-eic/
list_b_sk,15,Seed Starter,https://sita.sk/blockmate-ziskal-investiciu-vo-vyske-15-miliona-eur-polovicu-tejto-sumy-poskytne-seed-starter-slovenskej-a-ceskej-sporitelne/,ok,100,200,https://sita.sk/blockmate-ziskal-investiciu-vo-vyske-15-miliona-eur-polovicu-tejto-sumy-poskytne-seed-starter-slovenskej-a-ceskej-sporitelne/
list_b_sk,16,Tensor Ventures,https://sita.sk/blockmate-ziskal-investiciu-vo-vyske-15-miliona-eur-polovicu-tejto-sumy-poskytne-seed-starter-slovenskej-a-ceskej-sporitelne/,ok,100,200,https://sita.sk/blockmate-ziskal-investiciu-vo-vyske-15-miliona-eur-polovicu-tejto-sumy-poskytne-seed-starter-slovenskej-a-ceskej-sporitelne/
list_b_sk,17,DEPO Ventures,https://sita.sk/blockmate-ziskal-investiciu-vo-vyske-15-miliona-eur-polovicu-tejto-sumy-poskytne-seed-starter-slovenskej-a-ceskej-sporitelne/,ok,100,200,https://sita.sk/blockmate-ziskal-investiciu-vo-vyske-15-miliona-eur-polovicu-tejto-sumy-poskytne-seed-starter-slovenskej-a-ceskej-sporitelne/
list_b_sk,18,Token Ventures,https://sita.sk/blockmate-ziskal-investiciu-vo-vyske-15-miliona-eur-polovicu-tejto-sumy-poskytne-seed-starter-slovenskej-a-ceskej-sporitelne/,ok,100,200,https://sita.sk/blockmate-ziskal-investiciu-vo-vyske-15-miliona-eur-polovicu-tejto-sumy-poskytne-seed-starter-slovenskej-a-ceskej-sporitelne/
list_b_sk,19,BADideas.fund,https://sita.sk/blockmate-ziskal-investiciu-vo-vyske-15-miliona-eur-polovicu-tejto-sumy-poskytne-seed-starter-slovenskej-a-ceskej-sporitelne/,ok,100,200,https://sita.sk/blockmate-ziskal-investiciu-vo-vyske-15-miliona-eur-polovicu-tejto-sumy-poskytne-seed-starter-slovenskej-a-ceskej-sporitelne/
list_b_sk,20,ZAKA Ventures,https://sita.sk/blockmate-ziskal-investiciu-vo-vyske-15-miliona-eur-polovicu-tejto-sumy-poskytne-seed-starter-slovenskej-a-ceskej-sporitelne/,ok,100,200,https://sita.sk/blockmate-ziskal-investiciu-vo-vyske-15-miliona-eur-polovicu-tejto-sumy-poskytne-seed-starter-slovenskej-a-ceskej-sporitelne/
list_b_sk,21,Diaspora Ventures,https://sita.sk/blockmate-ziskal-investiciu-vo-vyske-15-miliona-eur-polovicu-tejto-sumy-poskytne-seed-starter-slovenskej-a-ceskej-sporitelne/,ok,100,200,https://sita.sk/blockmate-ziskal-investiciu-vo-vyske-15-miliona-eur-polovicu-tejto-sumy-poskytne-seed-starter-slovenskej-a-ceskej-sporitelne/
list_b_sk,22,Rockaway Ventures,https://www.startitup.sk/bratislavski-inovatori-postavili-stroj-na-vyrobu-pozornosti-idu-dobyt-trh-v-usa-investori-im-posielaju-pol-miliona-eur/,ok,100,200,https://www.startitup.sk/bratislavski-inovatori-postavili-stroj-na-vyrobu-pozornosti-idu-dobyt-trh-v-usa-investori-im-posielaju-pol-miliona-eur/
list_b_sk,23,Czech Founders VC,https://www.startitup.sk/bratislavski-inovatori-postavili-stroj-na-vyrobu-pozornosti-idu-dobyt-trh-v-usa-investori-im-posielaju-pol-miliona-eur/,ok,100,200,https://www.startitup.sk/bratislavski-inovatori-postavili-stroj-na-vyrobu-pozornosti-idu-dobyt-trh-v-usa-investori-im-posielaju-pol-miliona-eur/
