candidate_id,name,legal_name,company_id,registry_url,hq_country,website,investor_types,sectors,stages,ticket_min,ticket_max,ticket_min_eur,ticket_max_eur,total_capital_eur,capital_method,capital_approx,funds,n_investments,n_investments_36m,last_investment_date,last_investment,last_investment_source,status,reason,tier,explanation,as_of
C012,Credo Ventures,Credo Ventures a.s.,28538137,https://ares.gov.cz/ekonomicke-subjekty-v-be/rest/ekonomicke-subjekty/28538137,CZ,https://www.credoventures.com,vc,sector_agnostic,pre_seed,$1M,$5M,893975,4469873,324669766,sum_of_5_funds,1,Credo Stage 5 ($88 million); Credo fund IV (čtvrtý fond) (75 milionů eur); Credo fund III (třetí fond) (bezmála 100 milionů eur); Credo fund II (druhý fond) (53 milionů eur); Credo fund I (první fond) (18 milionů eur),4,2,2026-06-01,SuperPlane,https://raising.fi/news/superplane-pre-seed-june-2026,INCLUDED,,A,"4 investments (2 since 2023-10-08), 3 source domains",2026-10-08
C019,i&i Biotech Investments,Biotech Investments s.r.o.,10885978,https://ares.gov.cz/ekonomicke-subjekty-v-be/rest/ekonomicke-subjekty/10885978,CZ,https://www.inibio.eu,vc,life_sciences_medtech,"pre_seed,seed",€0.5M,€2M,500000,2000000,,,0,i&i Biotech Fund I SCSp (?); i&i Biotech Fund I SCSp (?),2,1,2024-05-22,Captain T Cell,https://www.healthcapital.de/en/news/article/captain-t-cell-secures-seed-financing-round,INCLUDED,,B,"2 investments (1 since 2023-10-08), 1 source domains",2026-10-08
C023,Jet Investment,"Jet Investment, a.s.",03890333,https://ares.gov.cz/ekonomicke-subjekty-v-be/rest/ekonomicke-subjekty/03890333,CZ,https://www.jetinvestment.cz/en,"pe,real_estate,vc",ai_data,,,,,,700000000,aum_stated,0,Jet Venture 1 (50 milionů eur); Jet Venture 1 (?),6,6,2026-09-17,AppNava,https://www.jetinvestment.cz/en/news,INCLUDED,,A,"6 investments (6 since 2023-10-08), 2 source domains [merged: C185]",2026-10-08
C146,Purple Ventures,Purple Ventures s.r.o.,05775574,https://ares.gov.cz/ekonomicke-subjekty-v-be/rest/ekonomicke-subjekty/05775574,CZ,https://www.purple-ventures.com,vc,sector_agnostic,"pre_seed,seed",€250k,€400k,250000,400000,,,0,Purple Ventures 2 (čtyřicet milionů eur),3,3,2025-01-01,Kilde,https://www.e15.cz/byznys/roste-nam-novy-dolarovy-jednorozec-s-ceskym-zakladatelem-hlasi-partner-fondu-purple-ventures-1426676,INCLUDED,,A,"3 investments (3 since 2023-10-08), 2 source domains",2026-10-08
C014,Depo Ventures,"DEPO VENTURES, s.r.o.",04753101,https://ares.gov.cz/ekonomicke-subjekty-v-be/rest/ekonomicke-subjekty/04753101,CZ,https://depoventures.com,vc,"defense_space,fintech_insurtech,industry_manufacturing,cleantech_energy",pre_seed,€250K,500K,250000,500000,20000000,sum_of_1_funds,0,third angel fund (€20 million); DEPO Ventures One (?); DEPO Angels fund I (?),5,2,2026-09-01,ArcSpace,https://media.startupcentrum.com/en/investment-arcspace-raises-over-e2-million/,INCLUDED,,A,"5 investments (2 since 2023-10-08), 2 source domains",2026-10-08
C145,Presto Ventures,"Presto Ventures II a.s., osoba rizikového kapitálu",11678704,https://ares.gov.cz/ekonomicke-subjekty-v-be/rest/ekonomicke-subjekty/11678704,CZ,https://prestoventures.com,vc,defense_space,"seed,series_a",€500k,€5M,500000,5000000,180000000,sum_of_2_funds,0,Fund I (?); Fund II (€30 million); Presto Tech Horizons (150 miliony eur),4,3,2024-10-01,Tur.ai,https://startuprise.co.uk/presto-tech-horizons-welcomes-investments/,INCLUDED,,A,"4 investments (3 since 2023-10-08), 2 source domains",2026-10-08
C125,Slovak Investment Holding,"Slovak Investment Holding, a. s.",47759097,https://api.statistics.sk/rpo/v1/entity/1007511,SK,https://www.sih.sk,public_vc,,,,,,,,,0,,2,2,2025-09-05,PERRY SOFT a.s.,https://www.sih.sk/en/aktuality/sih-investuje-do-technologickeho-startupu,INCLUDED,,A,"2 investments (2 since 2023-10-08), 2 source domains",2026-10-08
C144,Reflex Capital,Reflex Capital SE,24269158,https://ares.gov.cz/ekonomicke-subjekty-v-be/rest/ekonomicke-subjekty/24269158,CZ,https://www.reflexcapital.com,vc,,"seed,series_a",kolem jednoho milionu eur,ke hranici dvou milionů,,,30,sum_of_1_funds,0,třetí fond (dvaadvacet milionů eur); Reflex 2 (od 30 do 50 milionů eur); třetí fond (dvaadvacet milionů eur),7,1,2023-12-14,Digitoo,https://en.ain.ua/2023/12/14/digitoo-raises-2-3m-seed-reflex-capital,INCLUDED,,A,"7 investments (1 since 2023-10-08), 4 source domains",2026-10-08
C151,Gi21 Capital,Gi21 Capital a.s.,19584229,https://ares.gov.cz/ekonomicke-subjekty-v-be/rest/ekonomicke-subjekty/19584229,CZ,https://gi21capital.com,vc,"ai_data,enterprise_saas","pre_seed,seed,series_a,series_b_plus,growth",,,,,,,0,,4,4,2026-08-27,Hermetiq,https://gi21capital.com/blog,INCLUDED,,A,"4 investments (4 since 2023-10-08), 2 source domains",2026-10-08
C027,Nation1,Nation1 Investment s.r.o.,09172807,https://ares.gov.cz/ekonomicke-subjekty-v-be/rest/ekonomicke-subjekty/09172807,CZ,https://n1.rocks,vc,,pre_seed,,,,,53638477,aum_stated,0,N1 Ventures U-Tech (?); N1 Ventures U-Tech (přibližně 10 milionů eur); N1 Ventures U-Tech (přibližně 10 milionů eur),6,6,2026-06-20,Taikun,https://n1.rocks,INCLUDED,,A,"6 investments (6 since 2023-10-08), 6 source domains [merged: C143]",2026-10-08
