candidate_id,name,legal_name,company_id,registry_url,hq_country,website,investor_types,sectors,stages,ticket_min,ticket_max,ticket_min_eur,ticket_max_eur,total_capital_eur,capital_method,capital_approx,capital_note,funds_target,funds,data_flags,n_investments,n_investments_36m,last_investment_date,last_investment,last_investment_source,status,reason,tier,explanation,as_of,evidence_ids,refine_notes
C012,Credo Ventures,Credo Ventures a.s.,28538137,https://ares.gov.cz/ekonomicke-subjekty-v-be/rest/ekonomicke-subjekty/28538137,CZ,https://www.credoventures.com,vc,sector_agnostic,pre_seed,$1M,$5M,893975,4469873,324669766,sum_of_5_closed_funds,1,$88 million → EUR kurzom ECB 1.1186 (2026-10-09),,"Credo Stage 5 ($88 million, uzavretý); Credo fund IV (čtvrtý fond) (€75 million, uzavretý); Credo fund III (třetí fond) (bezmála 100 milionů eur, uzavretý); Credo fund II (druhý fond) (53 milionů eur, uzavretý); Credo fund I (první fond) (18 milionů eur, uzavretý)",,4,3,2026-06-24,SuperPlane,https://thesaasnews.com/news/superplane-raises-2-28m-pre-seed,INCLUDED,,A,"4 investments (3 since 2023-10-09), 5 source domains",2026-10-09,C012,Upheal: dátum 2022-10 -> 2024-11
C014,Depo Ventures,"DEPO VENTURES, s.r.o.",04753101,https://ares.gov.cz/ekonomicke-subjekty-v-be/rest/ekonomicke-subjekty/04753101,CZ,https://depoventures.com,vc,"defense_space,fintech_insurtech,industry_manufacturing,cleantech_energy",pre_seed,€250K,500K,250000,500000,3688071,sum_of_2_closed_funds,0,55 milionů korun → EUR kurzom ECB 24.403 (2026-10-09); 35 milionů korun → EUR kurzom ECB 24.403 (2026-10-09),third angel fund: €20 million (cieľ / plán); Depo Angels Fund II: 45 milionů korun (cieľ / plán),"DEPO Ventures One (?); DEPO Angels fund I (?); third angel fund (€20 million, cieľ); Depo Angels Fund II (55 milionů korun, uzavretý); Depo Angels Fund II (45 milionů korun, cieľ); Grouport Ventures (first angel fund) (35 milionů korun, uzavretý)",,5,2,2026-09-01,ArcSpace,https://media.startupcentrum.com/en/investment-arcspace-raises-over-e2-million/,INCLUDED,,A,"5 investments (2 since 2023-10-09), 2 source domains",2026-10-09,C014,fond DEPO Ventures One znovu neoverený; fond DEPO Angels fund I znovu neoverený
C019,i&i Biotech Investments,Biotech Investments s.r.o.,10885978,https://ares.gov.cz/ekonomicke-subjekty-v-be/rest/ekonomicke-subjekty/10885978,CZ,https://www.inibio.eu,vc,life_sciences_medtech,"pre_seed,seed",€0.5M,€2M,500000,2000000,53000000,sum_of_1_closed_funds,0,,,"i&i Biotech Fund I SCSp (€53 million, uzavretý); i&i Biotech Fund I SCSp (more than 45 million EUR, prvé uzavretie)",,2,1,2024-05-22,Captain T Cell,https://www.healthcapital.de/en/news/article/captain-t-cell-secures-seed-financing-round,INCLUDED,,B,"2 investments (1 since 2023-10-09), 1 source domains",2026-10-09,C019,"Captain T Cell: novšie kolo (2025-11) sa nepodarilo overiť, pôvodný dátum ostáva"
C022,Inven Capital,"Inven Capital, SICAV, a.s.",02059533,https://ares.gov.cz/ekonomicke-subjekty-v-be/rest/ekonomicke-subjekty/02059533,CZ,https://www.invencapital.cz,vc,cleantech_energy,,2,30m EUR,2000000,30000000,500000000,aum_stated,0,,,"Inven Capital, SICAV (more than €500 million, uzavretý)",,6,2,2026-02-11,Andercore,https://www.andercore.com/company-profile,INCLUDED,,A,"6 investments (2 since 2023-10-09), 3 source domains",2026-10-09,C022,
C023,Jet Investment,"Jet Investment, a.s.",03890333,https://ares.gov.cz/ekonomicke-subjekty-v-be/rest/ekonomicke-subjekty/03890333,CZ,https://www.jetinvestment.cz/en,"pe,real_estate,vc",ai_data,,,,,,700000000,aum_stated,0,,,"Jet Venture 1 (padesát milionů eur, cieľ); Jet Venture 1 (přes třicet milionů eur, prvé uzavretie); Jet Venture 1 (50 milionů eur, cieľ)",,5,5,2026-09-17,AppNava,https://www.jetinvestment.cz/en/news,INCLUDED,,A,"5 investments (5 since 2023-10-09), 3 source domains",2026-10-09,C023 C185,
C032,Tensor Ventures,Tensor Ventures a.s.,06257241,https://ares.gov.cz/ekonomicke-subjekty-v-be/rest/ekonomicke-subjekty/06257241,CZ,https://tensor.ventures,vc,deeptech_hardware,"seed,series_a",,,,,20000000,sum_of_1_closed_funds,0,,"Tensor Ventures Fund II: 50 milionů EUR (cieľ / plán); Tensor Ventures Fund II: 50–60 million euros (cieľ / plán); Tensor Ventures Fund II: 1,25 miliardy korun (cieľ / plán)","Tensor Ventures Fund I SCSp (?); Tensor Ventures Fund II (1,25 miliardy korun, cieľ); Tensor Ventures Fund II (50 milionů EUR, cieľ); Tensor Ventures Fund II (50–60 million euros, cieľ); Tensor Ventures Fund II (miliardu, prvé uzavretie); Tensor Ventures first fund (opened 2017) (dvacet milionů eur, uzavretý)",,1,1,2026-02-04,AppFactor,https://theaiinsider.tech/2026/02/04/tensor-ventures-and-others-invest-4-million-us-in-london-based-appfactor/,INCLUDED,,B,"1 investments (1 since 2023-10-09), 2 source domains",2026-10-09,C032,fond Tensor Ventures Fund I SCSp znovu neoverený
C034,Tilia Impact Ventures,"Tilia Impact Ventures, osoba rizikového kapitálu, s.r.o.",17848911,https://ares.gov.cz/ekonomicke-subjekty-v-be/rest/ekonomicke-subjekty/17848911,CZ,https://www.tilia.vc,vc,"agri_food,cleantech_energy,govtech_legaltech,edtech","pre_seed,seed",0.3,1.2m,300000,1200000,27762078,sum_of_2_closed_funds,0,Tilia 2: zatiaľ len prvé uzavretie 26 milionů eur; Tilia Impact Ventures: zatiaľ len prvé uzavretie 43 milionů korun; 43 milionů korun → EUR kurzom ECB 24.403 (2026-10-09),Tilia 2: 32 milionů eur (cieľ / plán); Tilia 2: €32m EUR (cieľ / plán); Tilia Impact Ventures: necelých 60 milionů korun (cieľ / plán),"Tilia Impact Ventures (43 milionů korun, prvé uzavretie); Tilia Impact Ventures (43 milionů korun, prvé uzavretie); Tilia Impact Ventures (necelých 60 milionů korun, cieľ); Tilia 2 (€26m, prvé uzavretie); Tilia 2 (26 milionů eur, prvé uzavretie); Tilia 2 (€32m EUR, cieľ); Tilia 2 (32 milionů eur, cieľ)",,6,1,2023-10-18,NOLD,https://www.newstream.cz/money/fond-silke-horakove-investoval-do-modni-platformy,INCLUDED,,A,"6 investments (1 since 2023-10-09), 3 source domains",2026-10-09,C034,Munch: dátum 2023-10 -> 2023-06; Cyrkl: dátum obchodu sa nepotvrdil; The Village: dátum 2023-10 -> 2022-07; Datlab: opravený dátum sa nepodarilo overiť
C063,JSK Investments,JSK Management s.r.o.,21285241,https://ares.gov.cz/ekonomicke-subjekty-v-be/rest/ekonomicke-subjekty/21285241,CZ,https://www.jskinvestments.cz,vc,,"pre_seed,seed",,,,,81957136,sum_of_1_closed_funds,0,JSK Investments SICAV: zatiaľ len prvé uzavretie dvě miliardy korun; dvě miliardy korun → EUR kurzom ECB 24.403 (2026-10-09),JSK Investments private equity fund (planned): 100 milionů eur (cieľ / plán),"JSK Investments Venture Capital Fund I. (?); JSK Investments Private and Growth Equity Fund I. (?); JSK Investments SICAV (dvě miliardy korun, prvé uzavretie); JSK Investments SICAV (zhruba dvě miliardy korun, prvé uzavretie); JSK Investments private equity fund (planned) (100 milionů eur, cieľ)",,2,2,2026-09-15,Andromeda Surgical,https://cc.cz/simona-kijonkova-investuje-desitky-milionu-do-roboticke-chirurgie-cilem-je-zkratit-fronty-na-operace/,INCLUDED,,A,"2 investments (2 since 2023-10-09), 2 source domains",2026-10-09,C063,fond JSK Investments Venture Capital Fund I. znovu neoverený; fond JSK Investments Private and Growth Equity Fund I. znovu neoverený
C092,Lighthouse Ventures,Lighthouse Ventures GP s.r.o.,07500912,https://ares.gov.cz/ekonomicke-subjekty-v-be/rest/ekonomicke-subjekty/07500912,CZ,https://lhv.vc,vc,"enterprise_saas,fintech_insurtech,ai_data","pre_seed,seed",€200k,€1m,200000,1000000,23000000,aum_stated,0,,,"Lighthouse Seed Fund (23 mil. EUR, uzavretý); Lighthouse Seed Fund (600 mil. CZK, uzavretý)",,3,2,2026-06-09,Merchantee,https://raising.fi/news/merchantee-undisclosed-june-2026,INCLUDED,,A,"3 investments (2 since 2023-10-09), 3 source domains",2026-10-09,C092,nový obchod Merchantee (2026-06)
C099,Neulogy Ventures,"Neulogy Ventures, a. s.",47367610,https://api.statistics.sk/rpo/v1/entity/1008262,SK,https://neulogy.vc,vc,deeptech_hardware,,,,,,23000000,sum_of_1_closed_funds,0,,,"Neulogy Ventures (seed fund and VC fund, combined) (23 mil. EUR, uzavretý)",,7,1,2024-04-18,GA Drilling,https://www.thinkgeoenergy.com/ga-drilling-secures-15-million-funding-to-accelerate-deep-geothermal/,INCLUDED,,B,"7 investments (1 since 2023-10-09), 1 source domains",2026-10-09,C099,
C100,Venture to Future Fund,"Venture to Future Fund, a.s.",52380483,https://api.statistics.sk/rpo/v1/entity/9905872,SK,https://vff.sk,vc,"ai_data,deeptech_hardware","seed,series_a,series_b_plus",400tis. EUR,"2,0 mil. EUR",400000,2000000,40400000,sum_of_1_closed_funds,0,,,"Venture to Future Fund (55 mil. EUR, uzavretý); Venture to Future Fund (40.4 mil. EUR, uzavretý)",,7,1,2025-10,Talentiqa,https://www.thesaasnews.com/news/talentiqa-raises-1-million-in-funding/,INCLUDED,,A,"7 investments (1 since 2023-10-09), 3 source domains",2026-10-09,C100,Sensoneo: dátum 2021-10 -> 2023-06
C125,Slovak Investment Holding,"Slovak Investment Holding, a. s.",47759097,https://api.statistics.sk/rpo/v1/entity/1007511,SK,https://www.sih.sk,public_vc,,,,,,,623000000,sum_of_1_closed_funds,0,,,"National Development Fund II (623 mil. EUR, uzavretý)",,4,4,2026-09-22,VisionFlow,https://www.sih.sk/en/aktuality/sih-investuje-1-4-miliona-eur-do-visionflow-slovensky-startup-vyvija-softverovu-datovu-infrastrukturu-pre-umelu-inteligenciu,INCLUDED,,A,"4 investments (4 since 2023-10-09), 2 source domains",2026-10-09,C125,nový obchod VisionFlow (2026-09); nový obchod AT Crystals (2026-09)
C132,Zero Gravity Capital,Zero Gravity Capital s.r.o.,52651894,https://api.statistics.sk/rpo/v1/entity/10049101,SK,https://zerogravitycap.com,vc,,"pre_seed,seed",,200k €,,200000,23000000,sum_of_1_closed_funds,0,,,"Zero Gravity Capital (EUR 23m, uzavretý)",,2,1,2023-12-06,Wewell,https://www.startitup.sk/?p=840617,INCLUDED,,B,"2 investments (1 since 2023-10-09), 2 source domains",2026-10-09,C132,
C135,Seed Starter,"ČS Seed Starter, a.s.",61058769,https://ares.gov.cz/ekonomicke-subjekty-v-be/rest/ekonomicke-subjekty/61058769,CZ,https://www.seedstarter.cz,cvc,,"pre_seed,seed",200k,1M,200000,1000000,,,0,,,,,8,3,2026-06-12,Definic,https://cc.cz/nakup-it-sluzeb-v-korporacich-je-casto-nefunkcni-hlasi-do-jejich-reseni-investuje-i-ceska-sporitelna/,INCLUDED,,B,"8 investments (3 since 2023-10-09), 1 source domains",2026-10-09,C135,Investown: opravený dátum sa nepodarilo overiť; Signi: dátum 2023-11 -> 2021-03; PalmApp: opravený dátum sa nepodarilo overiť; Wflow: dátum 2023-11 -> 2022-02; Rekenber: dátum 2023-11 -> 2022-03; nový obchod Pointee (2026-04); nový obchod Definic (2026-06)
C139,J&T Ventures,J&T Ventures III SICAV a.s.,22175903,https://ares.gov.cz/ekonomicke-subjekty-v-be/rest/ekonomicke-subjekty/22175903,CZ,https://www.jtventures.cz,vc,sector_agnostic,"pre_seed,seed,series_a",€300K,€3M,300000,3000000,120000000,aum_stated,0,,,"J&T Ventures I (7 milionů eur, uzavretý); J&T Ventures II (48 milionů eur, uzavretý); J&T Ventures II (takmer 800 miliónov Kč, prvé uzavretie); J&T Ventures II (1 miliarda Kč, cieľ); J&T Ventures III (75 milionů eur, cieľ)",,10,3,2026-06-12,Definic,https://cc.cz/nakup-it-sluzeb-v-korporacich-je-casto-nefunkcni-hlasi-do-jejich-reseni-investuje-i-ceska-sporitelna/,INCLUDED,,B,"10 investments (3 since 2023-10-09), 1 source domains",2026-10-09,C139,nový obchod ValkaAI (2026-02); nový obchod Definic (2026-06)
C144,Reflex Capital,Reflex Capital SE,24269158,https://ares.gov.cz/ekonomicke-subjekty-v-be/rest/ekonomicke-subjekty/24269158,CZ,https://www.reflexcapital.com,vc,,"seed,series_a",kolem jednoho milionu eur,ke hranici dvou milionů,,,42000000,sum_of_2_closed_funds,0,,Reflex 3: 20 milionů eur (cieľ / plán); Reflex 2: od 30 do 50 milionů eur (cieľ / plán); Reflex 2: až osmdesát milionů eur (cieľ / plán),"Reflex 2 (až osmdesát milionů eur, cieľ); Reflex 2 (od 30 do 50 milionů eur, cieľ); Reflex 2 (20 milionů eur, uzavretý); Reflex 3 (20 milionů eur, cieľ); Reflex 3 (dvaadvacet milionů eur, uzavretý)",,9,3,2026-06-09,Merchantee,https://cc.cz/resi-jeden-z-nejvetsich-problemu-evropskych-e-shopu-kvituje-investor-cesi-ziskali-dalsi-desitky-milionu/,INCLUDED,,A,"9 investments (3 since 2023-10-09), 4 source domains",2026-10-09,C144,nový obchod Merchantee (2026-06); nový obchod FaceUp (2026-05)
C145,Presto Ventures,"Presto Ventures II a.s., osoba rizikového kapitálu",11678704,https://ares.gov.cz/ekonomicke-subjekty-v-be/rest/ekonomicke-subjekty/11678704,CZ,https://prestoventures.com,vc,defense_space,"seed,series_a",€500k,€5M,500000,5000000,30000000,sum_of_1_closed_funds,0,,Presto III: EUR 100m (cieľ / plán); Presto Tech Horizons: €150 million (cieľ / plán),"Fund I (?); Fund II (€30 million, uzavretý); Presto Tech Horizons (€150 million, cieľ); Presto III (EUR 100m, cieľ)",,4,3,2025-05-14,DiffuseDrive,https://www.silicon.co.uk/press-release/from-scarcity-to-scale-diffusedrive-closes-3-5m-to-define-physical-ai-for-automotive-aerospace-defense-and-robotics,INCLUDED,,A,"4 investments (3 since 2023-10-09), 4 source domains",2026-10-09,C145,fond Fund I znovu neoverený; GoRamp: dátum 2022-06 -> 2023-07; nový obchod DiffuseDrive (2025-05); nový obchod Bavovna (2024-10)
C146,Purple Ventures,Purple Ventures s.r.o.,05775574,https://ares.gov.cz/ekonomicke-subjekty-v-be/rest/ekonomicke-subjekty/05775574,CZ,https://www.purple-ventures.com,vc,sector_agnostic,"pre_seed,seed",€250k,€400k,250000,400000,46963283,sum_of_2_closed_funds,1,Purple Ventures 2: zatiaľ len prvé uzavretie přes 780 milionů (Kč); přes 780 milionů (Kč) → EUR kurzom ECB 24.403 (2026-10-09),Purple Ventures 2: čtyřicet milionů eur (cieľ / plán),"Purple Ventures 1 (15 milionů eur (380 milionů korun), uzavretý); Purple Ventures 2 (čtyřicet milionů eur, cieľ); Purple Ventures 2 (27 milionů euro, prvé uzavretie); Purple Ventures 2 (přes 780 milionů (Kč), prvé uzavretie)",,3,3,2026-04-29,ArtMaster,https://gi21capital.com/blog-posts/investing-in-artmaster-music-education,INCLUDED,,A,"3 investments (3 since 2023-10-09), 2 source domains",2026-10-09,C146,Delta Green: dátum 2024-05 -> 2025-10; iVent Pro: dátum 2024-01 -> 2024-06; nový obchod ArtMaster (2026-04)
C151,Gi21 Capital,Gi21 Capital a.s.,19584229,https://ares.gov.cz/ekonomicke-subjekty-v-be/rest/ekonomicke-subjekty/19584229,CZ,https://gi21capital.com,vc,"ai_data,enterprise_saas","pre_seed,seed,series_a,series_b_plus,growth",,,,,,,0,,,,,4,4,2026-08-27,Hermetiq,https://gi21capital.com/blog-posts/why-we-invested-in-hermetiq,INCLUDED,,A,"4 investments (4 since 2023-10-09), 3 source domains",2026-10-09,C151,
C184,Miton,"MITON CZ, s.r.o.",25417967,https://ares.gov.cz/ekonomicke-subjekty-v-be/rest/ekonomicke-subjekty/25417967,CZ,https://www.miton.cz,vc,ai_data,,300k,2M,300000,2000000,,,0,,,Miton C (?); Miton Psychonats (?),,8,6,2026-01-07,PangeAI,https://www.miton.cz/en/blog/what-happened-fall-winter-2025/,INCLUDED,,A,"8 investments (6 since 2023-10-09), 3 source domains",2026-10-09,C184,"fond Miton C znovu neoverený; fond Miton Psychonats znovu neoverený; Aim: novšie kolo (2025-07) sa nepodarilo overiť, pôvodný dátum ostáva; Bandits: novšie kolo (2025-11) sa nepodarilo overiť, pôvodný dátum ostáva; PangeAI: dátum 2025-01 -> 2026-01; GTE: dátum 2024-01 -> 2025-01; Firefish: novšie kolo (2025-04) sa nepodarilo overiť, pôvodný dátum ostáva; nový obchod DeepScout (2025-03)"
C186,Look AI Ventures,"Look AI Ventures SICAV, a.s.",17604087,https://ares.gov.cz/ekonomicke-subjekty-v-be/rest/ekonomicke-subjekty/17604087,CZ,https://lookai.vc,vc,ai_data,,"€250,000",,250000,,,,0,,Look AI Ventures fund (LAIV): €20 million (cieľ / plán),"Look AI Ventures fund (LAIV) (€20 million, cieľ)",,6,3,2026-09-16,Embodied AI,https://lookai.vc,INCLUDED,,A,"6 investments (3 since 2023-10-09), 3 source domains",2026-10-09,C186,nový obchod Embodied AI (2026-09)
C195,ZAKA Ventures,"ZAKA VC I, osoba rizikového kapitálu, a.s.",21514992,https://ares.gov.cz/ekonomicke-subjekty-v-be/rest/ekonomicke-subjekty/21514992,CZ,https://zaka.vc,vc,"life_sciences_medtech,industry_manufacturing","pre_seed,seed",,,,,10500000,sum_of_1_closed_funds,0,ZAKA VC Fund I: zatiaľ len prvé uzavretie €10.5 million,ZAKA VC Fund I: 15 milionů eur (cieľ / plán),"ZAKA VC Fund I (€10.5 million, prvé uzavretie); ZAKA VC Fund I (15 milionů eur, cieľ); ZAKA VC Fund I (17M, prvé uzavretie)",,8,2,2026-05-07,ParcelBio,https://pulse2.com/parcelbio-13-million-seed-financing-raised-to-advance-next-generation-mrna-medicines/,INCLUDED,,A,"8 investments (2 since 2023-10-09), 2 source domains",2026-10-09,C195,nový obchod ParcelBio (2026-05)
C197,Rockaway Ventures,Rockaway Ventures a.s.,06387136,https://ares.gov.cz/ekonomicke-subjekty-v-be/rest/ekonomicke-subjekty/06387136,CZ,https://rockawayventures.com,vc,"consumer_ecommerce,travel_hospitality,mobility_logistics,media_gaming","seed,series_a",,,,,95000000,sum_of_2_closed_funds,1,Rockaway Ventures Fund: zatiaľ len prvé uzavretie EUR 40m,Rockaway Ventures Fund: 100 milionů eur (cieľ / plán),"Rockaway Ventures II (nearly €55 million, uzavretý); Rockaway Ventures Fund (100 milionů eur, cieľ); Rockaway Ventures Fund (EUR 40m, prvé uzavretie)",,7,2,2026-03-01,Float,https://nordic9.com/news/float-secured-investment-from-rockaway-ventures-and-eifo/,INCLUDED,,A,"7 investments (2 since 2023-10-09), 5 source domains",2026-10-09,C197,Apaleo: opravený dátum sa nepodarilo overiť; Gjirafa: dátum 2025-05 -> 2019-03; Productboard: dátum 2021-09 -> 2019-02; Brand Embassy: dátum 2021-09 -> 2014-02; nový obchod Float (2026-03)
C198,Czech Founders VC,"Czech Founders Ventures s.r.o., osoba rizikového kapitálu",17051835,https://ares.gov.cz/ekonomicke-subjekty-v-be/rest/ekonomicke-subjekty/17051835,CZ,https://czechfounders.vc,vc,,pre_seed,50 tisíc,350 tisíc eur,50000,350000,10000000,sum_of_1_closed_funds,0,,,"Czech Founders VC (deset milionů eur, uzavretý)",,9,3,2026-06-09,Merchantee,https://www.lupa.cz/aktuality/cesky-startup-dava-e-shopum-ai-ktera-za-ne-rozhoduje-na-trzistich-s-novou-investici-vyhlizi-dalsi-trhy/,INCLUDED,,A,"9 investments (3 since 2023-10-09), 2 source domains",2026-10-09,C198,nový obchod Merchantee (2026-06)
