item_id,candidate_id,type,before,after
C012-I00,C012,identity,1,1
C012-I01,C012,deal,0,1
C012-I02,C012,deal,0,1
C012-I03,C012,deal,1,1
C012-I04,C012,capital,1,0
C012-I05,C012,deal,1,0
C012-I06,C012,deal,1,0
C012-I07,C012,capital,0,1
C012-I08,C012,deal,1,0
C012-I09,C012,deal,0,1
C014-I00,C014,identity,1,1
C014-I01,C014,deal,1,1
C014-I02,C014,capital,0,1
C014-I03,C014,deal,1,1
C019-I00,C019,identity,1,1
C019-I01,C019,capital,0,1
C019-I02,C019,deal,1,1
C022-I00,C022,identity,1,1
C022-I01,C022,capital,1,1
C022-I02,C022,deal,1,0
C022-I03,C022,deal,0,1
C022-I04,C022,deal,0,1
C022-I05,C022,deal,1,0
C023-I00,C023,identity,1,1
C023-I01,C023,deal,0,1
C023-I02,C023,capital,1,1
C023-I03,C023,deal,1,1
C023-I04,C023,deal,1,1
C023-I05,C023,deal,0,1
C023-I06,C023,deal,1,0
C023-I07,C023,deal,1,1
C023-I08,C023,deal,1,0
C032-I00,C032,identity,1,1
C032-I01,C032,capital,0,1
C032-I02,C032,deal,1,0
C032-I03,C032,capital,1,0
C032-I04,C032,deal,0,1
C034-I00,C034,identity,1,1
C034-I01,C034,deal,0,1
C034-I02,C034,deal,0,1
C034-I03,C034,deal,1,0
C034-I04,C034,deal,1,0
C034-I05,C034,deal,1,0
C034-I06,C034,capital,1,0
C034-I07,C034,deal,1,1
C034-I08,C034,capital,0,1
C034-I09,C034,deal,1,0
C034-I10,C034,deal,1,1
C063-I00,C063,identity,1,1
C063-I01,C063,capital,1,0
C063-I02,C063,deal,1,1
C063-I03,C063,deal,1,1
C063-I04,C063,capital,0,1
C092-I00,C092,identity,1,1
C092-I01,C092,deal,1,1
C092-I02,C092,deal,1,1
C092-I03,C092,capital,1,1
C092-I04,C092,deal,0,1
C099-I00,C099,identity,1,1
C099-I01,C099,deal,1,1
C099-I02,C099,capital,0,1
C100-I00,C100,identity,1,1
C100-I01,C100,capital,1,0
C100-I02,C100,deal,0,1
C100-I03,C100,deal,1,1
C100-I04,C100,deal,1,0
C100-I05,C100,capital,0,1
C100-I06,C100,deal,0,1
C100-I07,C100,deal,1,0
C125-I00,C125,identity,1,1
C125-I01,C125,deal,1,1
C125-I02,C125,deal,1,1
C125-I03,C125,capital,0,1
C125-I04,C125,deal,0,1
C125-I05,C125,deal,0,1
C132-I00,C132,identity,1,1
C132-I01,C132,deal,1,0
C132-I02,C132,deal,0,1
C132-I03,C132,capital,0,1
C135-I00,C135,identity,1,1
C135-I01,C135,deal,0,1
C135-I02,C135,deal,0,1
C135-I03,C135,deal,0,1
C135-I04,C135,deal,1,0
C135-I05,C135,deal,1,0
C135-I06,C135,deal,0,1
C135-I07,C135,deal,1,0
C135-I08,C135,deal,1,0
C135-I09,C135,deal,1,1
C135-I10,C135,deal,1,0
C135-I11,C135,deal,0,1
C139-I00,C139,identity,1,1
C139-I01,C139,capital,1,1
C139-I02,C139,deal,0,1
C139-I03,C139,deal,1,1
C139-I04,C139,deal,1,1
C139-I05,C139,deal,0,1
C144-I00,C144,identity,1,1
C144-I01,C144,deal,1,1
C144-I02,C144,deal,1,1
C144-I03,C144,deal,1,1
C144-I04,C144,deal,0,1
C144-I05,C144,capital,1,0
C144-I06,C144,deal,0,1
C144-I07,C144,capital,0,1
C145-I00,C145,identity,1,1
C145-I01,C145,deal,0,1
C145-I02,C145,deal,1,0
C145-I03,C145,deal,0,1
C145-I04,C145,capital,1,0
C145-I05,C145,capital,0,1
C145-I06,C145,deal,1,0
C145-I07,C145,deal,0,1
C145-I08,C145,deal,0,1
C146-I00,C146,identity,1,1
C146-I01,C146,deal,1,0
C146-I02,C146,deal,0,1
C146-I03,C146,capital,0,1
C146-I04,C146,deal,0,1
C146-I05,C146,deal,0,1
C146-I06,C146,capital,1,0
C146-I07,C146,deal,1,0
C151-I00,C151,identity,1,1
C151-I01,C151,deal,0,1
C151-I02,C151,deal,0,1
C151-I03,C151,deal,1,0
C151-I04,C151,deal,1,0
C151-I05,C151,deal,0,1
C151-I06,C151,deal,0,1
C151-I07,C151,deal,1,0
C151-I08,C151,deal,1,0
C184-I00,C184,identity,1,1
C184-I01,C184,deal,0,1
C184-I02,C184,deal,1,0
C184-I03,C184,deal,0,1
C184-I04,C184,deal,0,1
C184-I05,C184,deal,1,1
C184-I06,C184,deal,1,1
C184-I07,C184,deal,1,1
C184-I08,C184,deal,1,1
C184-I09,C184,deal,1,0
C186-I00,C186,identity,1,1
C186-I01,C186,deal,0,1
C186-I02,C186,deal,1,1
C186-I03,C186,deal,0,1
C186-I04,C186,deal,1,0
C195-I00,C195,identity,1,1
C195-I01,C195,capital,0,1
C195-I02,C195,deal,0,1
C195-I03,C195,deal,1,1
C195-I04,C195,capital,1,0
C197-I00,C197,identity,1,1
C197-I01,C197,deal,1,0
C197-I02,C197,deal,1,1
C197-I03,C197,deal,0,1
C197-I04,C197,deal,1,0
C197-I05,C197,deal,1,0
C197-I06,C197,deal,0,1
C197-I07,C197,capital,0,1
C197-I08,C197,deal,1,0
C197-I09,C197,capital,1,0
C197-I10,C197,deal,0,1
C197-I11,C197,deal,0,1
C197-I12,C197,deal,1,1
C198-I00,C198,identity,1,1
C198-I01,C198,deal,1,1
C198-I02,C198,deal,1,1
C198-I03,C198,capital,1,1
C198-I04,C198,deal,0,1
