id,claim,value,as_of,url,quote,agent,check_status,quote_score,http_status,text_sha256,fetched_at,checked_url
nvca_us_vc_firms_2023,US VC firms at end of 2023 (NVCA Yearbook 2024),3417,2023-12-31,https://nvca.org/nvca-yearbook/,"By the end of 2023, the U.S. VC ecosystem had 3,417 VC firms, which closed a cumulative 13,608 VC deals worth $170.6 billion.",R5,blocked,,403,,2026-10-08T19:45:39+00:00,https://nvca.org/nvca-yearbook/
nvca_us_vc_firms_2025,US VC firms declined in 2025 from prior year (NVCA Yearbook 2026),3054,2025-12-31,https://nvca.org/?p=124853,"First-ever decline, down from 3,054.",R5,blocked,,403,,2026-10-08T19:45:41+00:00,https://nvca.org/?p=124853
investeurope_aum_2024,European PE+VC AUM 2024 (EUR trillion; secondary source),1.25,2024-12-31,https://tech.eu/2025/07/24/invest-europe-european-private-capital-hits-eur125t-in-2024-growing-26x-over-the-decade/,"in 2024, European private equity and venture capital assets under management grew 7 per cent to €1.25 trillion",R5,ok,100,200,9b9635388571c9539143f9c5f67d22d805d2a7d7b04d0fca0cf0539e74f014e3,2026-10-08T19:43:35+00:00,https://tech.eu/2025/07/24/invest-europe-european-private-capital-hits-eur125t-in-2024-growing-26x-over-the-decade/
investeurope_firms_2024,Active European PE+VC firms 2024 (Invest Europe via tech.eu),3095,2024-12-31,https://tech.eu/2025/07/24/invest-europe-european-private-capital-hits-eur125t-in-2024-growing-26x-over-the-decade/,"grew 7 per cent to €1.25 trillion, distributed across 3,095 active firms",R1 (quote found by grep of cached page),ok,100,200,9b9635388571c9539143f9c5f67d22d805d2a7d7b04d0fca0cf0539e74f014e3,2026-10-08T19:43:35+00:00,https://tech.eu/2025/07/24/invest-europe-european-private-capital-hits-eur125t-in-2024-growing-26x-over-the-decade/
sec_formpf_funds_2025q4,Private funds reported on Form PF 2025Q4 (all types),58891,2025-12-31,https://www.sec.gov/data-research/data-visualizations/private-fund-statistics,Private Funds Reported on Form PF in 2025Q4,R5,blocked,,403,,2026-10-08T19:45:42+00:00,https://www.sec.gov/data-research/data-visualizations/private-fund-statistics
preqin_active_firm_coverage,Preqin active PE firm coverage,31653,,https://www.preqin.com/data/private-equity,"31,653",R5,ok,100,200,9d042fadfe3594d3ce7fd4f33fcefbe424115e5a904cbaa3bd3822dbcec8148f,2026-10-08T19:43:36+00:00,https://www.preqin.com/data/private-equity
cbs_preqin_pe_managers,Active PE fund managers in Preqin (CBS library guide),34100,,https://libguides.cbs.dk/Preqin,"more than 34,100 active private equity fund managers",R5,ok,100,200,91fcddfc5504390806baa7f2f014e347190d665351853e73763d5d0f9d329add,2026-10-08T19:43:36+00:00,https://libguides.cbs.dk/Preqin
deloitte_sfo_2024,Single family offices worldwide 2024 (Deloitte),8030,2024,https://www.deloitte.com/global/en/services/deloitte-private/about/defining-the-family-office-landscape.html,"There are an estimated 8,030 single family offices in the world today, up from 6,130 in 2019, a near third (31%) increase.",R5,ok,100,200,282b2d1520ac68164ab3c8878cdfbfd2233bcc7090db737b1fde3425a6bb2dce,2026-10-08T19:43:37+00:00,https://www.deloitte.com/global/en/services/deloitte-private/research/defining-the-family-office-landscape.html
unh_us_angels_2024,Active US angel investors 2024 (UNH CVR),445535,2024,https://paulcollege.unh.edu/sites/default/files/media/2025-12/FY%202024%20Analysis%20Report%20Final.pdf,"The number of active investors in 2024 increased to 445,535 as compared to 422,350 in 2023, an increase of 5.5%.",R5,ok,100,200,e6816a906fdfa49f68b180576aa49c5114e38ce8ad06166b44b8b8b33896b83b,2026-10-08T19:43:37+00:00,https://paulcollege.unh.edu/sites/default/files/media/2025-12/FY%202024%20Analysis%20Report%20Final.pdf
eban_eu_angels_2021,Active networked business angels in Europe (EBAN 2021),39400,2021,https://www.eban.org/2022/10/10/,there are approximately 39400 active business angel investors on the European continent.,R5,ok,99,200,e1d2a4d69b80ca3389cf9b19eb7daf51386c1400d56aa37629f7fb7269a14fcd,2026-10-08T19:43:38+00:00,https://www.eban.org/2022/10/10/
euveca_funds_2022,Registered EuVECA funds (EU),462,2022-12-31,https://op.europa.eu/webpub/com/refit-scoreboard/en/policy/8/8-6.html,"As of December 2022, 462 EuVECA funds and 15 EuSEFs funds were registered, despite being in place for more than 8 years.",R5,ok,100,200,5a6d64c038f1ec1948fe2512e208b7fbb73336206f7b50555250ee8f9c04d8ca,2026-10-08T19:43:40+00:00,https://op.europa.eu/webpub/com/refit-scoreboard/en/policy/8/8-6.html
dealroom_investors,Investors and funds tracked by Dealroom,100,,https://dealroom.co/products/api,100K+ Investors & funds,R5,ok,100,200,f80532e6ebb90edc6eff2b8f76f26669a581c5019e5a768c84949867c627b459,2026-10-08T19:44:09+00:00,https://dealroom.co/products/api/
r1_preqin_pe_managers,R1 claim: ~10300 active PE fund managers (Preqin via CBS guide),10300,,https://libguides.cbs.dk/Preqin,"10,300",R1,quote_not_found,67,200,91fcddfc5504390806baa7f2f014e347190d665351853e73763d5d0f9d329add,2026-10-08T19:43:36+00:00,https://libguides.cbs.dk/Preqin
r1_sec_vc_advisers,R1 claim: 362 VC advisers on Form PF 2025Q4,362,2025-12-31,https://sec.gov/data-research/data-visualizations/private-fund-statistics/private-funds-number-funds-advisers,362,R1,blocked,,403,,2026-10-08T19:45:45+00:00,https://sec.gov/data-research/data-visualizations/private-fund-statistics/private-funds-number-funds-advisers
r1_unh_us_angels_2019,R1 claim: 323365 active US angels (presented as latest),323365,2019,https://www.eban.org/knowledge-center/unh-finds-fewer-angels-invested-more-in-2019/,"323,365",R1,ok,100,200,aee95d7f3c3a7c4fed208f2f0e6ff58b6453d4ab296d487f93dcf4400554a5c1,2026-10-08T19:43:41+00:00,https://www.eban.org/knowledge-center/unh-finds-fewer-angels-invested-more-in-2019/
